INPUT_0_MEMORY,INPUT_1_MEMORY,OUTPUT_0_MEMORY,num tiles,estimated,real
DEV_0_DRAM_INTERLEAVED,DEV_0_DRAM_INTERLEAVED,DEV_0_DRAM_INTERLEAVED,5.0,3728.222595070717,2000
DEV_0_DRAM_INTERLEAVED,DEV_0_DRAM_INTERLEAVED,DEV_0_DRAM_INTERLEAVED,5.0,3728.222595070717,2002
DEV_0_DRAM_INTERLEAVED,DEV_0_DRAM_INTERLEAVED,DEV_0_DRAM_INTERLEAVED,5.0,3728.222595070717,2173
DEV_0_DRAM_INTERLEAVED,DEV_0_DRAM_INTERLEAVED,DEV_0_DRAM_INTERLEAVED,5.0,3728.222595070717,2164
DEV_0_DRAM_INTERLEAVED,DEV_0_DRAM_INTERLEAVED,DEV_0_DRAM_INTERLEAVED,5.0,3728.222595070717,2120
DEV_0_DRAM_INTERLEAVED,DEV_0_DRAM_INTERLEAVED,DEV_0_DRAM_INTERLEAVED,5.0,3728.222595070717,2021
DEV_0_DRAM_INTERLEAVED,DEV_0_DRAM_INTERLEAVED,DEV_0_DRAM_INTERLEAVED,5.0,3728.222595070717,2056
DEV_0_DRAM_INTERLEAVED,DEV_0_DRAM_INTERLEAVED,DEV_0_DRAM_INTERLEAVED,5.0,3728.222595070717,2000
DEV_0_DRAM_INTERLEAVED,DEV_0_DRAM_INTERLEAVED,DEV_0_DRAM_INTERLEAVED,5.0,3728.222595070717,2157
DEV_0_DRAM_INTERLEAVED,DEV_0_DRAM_INTERLEAVED,DEV_0_DRAM_INTERLEAVED,5.0,3728.222595070717,2180
DEV_0_DRAM_INTERLEAVED,DEV_0_DRAM_INTERLEAVED,DEV_0_DRAM_INTERLEAVED,20.0,4162.826875626238,2422
DEV_0_DRAM_INTERLEAVED,DEV_0_DRAM_INTERLEAVED,DEV_0_DRAM_INTERLEAVED,20.0,4162.826875626238,2468
DEV_0_DRAM_INTERLEAVED,DEV_0_DRAM_INTERLEAVED,DEV_0_DRAM_INTERLEAVED,20.0,4162.826875626238,2351
DEV_0_DRAM_INTERLEAVED,DEV_0_DRAM_INTERLEAVED,DEV_0_DRAM_INTERLEAVED,20.0,4162.826875626238,2336
DEV_0_DRAM_INTERLEAVED,DEV_0_DRAM_INTERLEAVED,DEV_0_DRAM_INTERLEAVED,20.0,4162.826875626238,2331
DEV_0_DRAM_INTERLEAVED,DEV_0_DRAM_INTERLEAVED,DEV_0_DRAM_INTERLEAVED,20.0,4162.826875626238,2319
DEV_0_DRAM_INTERLEAVED,DEV_0_DRAM_INTERLEAVED,DEV_0_DRAM_INTERLEAVED,20.0,4162.826875626238,2410
DEV_0_DRAM_INTERLEAVED,DEV_0_DRAM_INTERLEAVED,DEV_0_DRAM_INTERLEAVED,20.0,4162.826875626238,2338
DEV_0_DRAM_INTERLEAVED,DEV_0_DRAM_INTERLEAVED,DEV_0_DRAM_INTERLEAVED,20.0,4162.826875626238,2309
DEV_0_DRAM_INTERLEAVED,DEV_0_DRAM_INTERLEAVED,DEV_0_DRAM_INTERLEAVED,20.0,4162.826875626238,2323
DEV_0_DRAM_INTERLEAVED,DEV_0_DRAM_INTERLEAVED,DEV_0_DRAM_INTERLEAVED,200.0,9378.078242292484,10202
DEV_0_DRAM_INTERLEAVED,DEV_0_DRAM_INTERLEAVED,DEV_0_DRAM_INTERLEAVED,200.0,9378.078242292484,10315
DEV_0_DRAM_INTERLEAVED,DEV_0_DRAM_INTERLEAVED,DEV_0_DRAM_INTERLEAVED,200.0,9378.078242292484,10058
DEV_0_DRAM_INTERLEAVED,DEV_0_DRAM_INTERLEAVED,DEV_0_DRAM_INTERLEAVED,200.0,9378.078242292484,10367
DEV_0_DRAM_INTERLEAVED,DEV_0_DRAM_INTERLEAVED,DEV_0_DRAM_INTERLEAVED,200.0,9378.078242292484,11141
DEV_0_DRAM_INTERLEAVED,DEV_0_DRAM_INTERLEAVED,DEV_0_DRAM_INTERLEAVED,200.0,9378.078242292484,10391
DEV_0_DRAM_INTERLEAVED,DEV_0_DRAM_INTERLEAVED,DEV_0_DRAM_INTERLEAVED,200.0,9378.078242292484,10612
DEV_0_DRAM_INTERLEAVED,DEV_0_DRAM_INTERLEAVED,DEV_0_DRAM_INTERLEAVED,200.0,9378.078242292484,11048
DEV_0_DRAM_INTERLEAVED,DEV_0_DRAM_INTERLEAVED,DEV_0_DRAM_INTERLEAVED,200.0,9378.078242292484,10322
DEV_0_DRAM_INTERLEAVED,DEV_0_DRAM_INTERLEAVED,DEV_0_DRAM_INTERLEAVED,200.0,9378.078242292484,10692
DEV_0_DRAM_INTERLEAVED,DEV_0_DRAM_INTERLEAVED,DEV_0_DRAM_INTERLEAVED,500.0,18070.163853402897,24608
DEV_0_DRAM_INTERLEAVED,DEV_0_DRAM_INTERLEAVED,DEV_0_DRAM_INTERLEAVED,500.0,18070.163853402897,24464
DEV_0_DRAM_INTERLEAVED,DEV_0_DRAM_INTERLEAVED,DEV_0_DRAM_INTERLEAVED,500.0,18070.163853402897,24440
DEV_0_DRAM_INTERLEAVED,DEV_0_DRAM_INTERLEAVED,DEV_0_DRAM_INTERLEAVED,500.0,18070.163853402897,25134
DEV_0_DRAM_INTERLEAVED,DEV_0_DRAM_INTERLEAVED,DEV_0_DRAM_INTERLEAVED,500.0,18070.163853402897,24653
DEV_0_DRAM_INTERLEAVED,DEV_0_DRAM_INTERLEAVED,DEV_0_DRAM_INTERLEAVED,500.0,18070.163853402897,24546
DEV_0_DRAM_INTERLEAVED,DEV_0_DRAM_INTERLEAVED,DEV_0_DRAM_INTERLEAVED,500.0,18070.163853402897,24302
DEV_0_DRAM_INTERLEAVED,DEV_0_DRAM_INTERLEAVED,DEV_0_DRAM_INTERLEAVED,500.0,18070.163853402897,25206
DEV_0_DRAM_INTERLEAVED,DEV_0_DRAM_INTERLEAVED,DEV_0_DRAM_INTERLEAVED,500.0,18070.163853402897,24701
DEV_0_DRAM_INTERLEAVED,DEV_0_DRAM_INTERLEAVED,DEV_0_DRAM_INTERLEAVED,500.0,18070.163853402897,26118
DEV_0_DRAM_INTERLEAVED,DEV_0_DRAM_INTERLEAVED,DEV_0_DRAM_INTERLEAVED,3000.0,90504.21061265632,89068
DEV_0_DRAM_INTERLEAVED,DEV_0_DRAM_INTERLEAVED,DEV_0_DRAM_INTERLEAVED,3000.0,90504.21061265632,87644
DEV_0_DRAM_INTERLEAVED,DEV_0_DRAM_INTERLEAVED,DEV_0_DRAM_INTERLEAVED,3000.0,90504.21061265632,87311
DEV_0_DRAM_INTERLEAVED,DEV_0_DRAM_INTERLEAVED,DEV_0_DRAM_INTERLEAVED,3000.0,90504.21061265632,86520
DEV_0_DRAM_INTERLEAVED,DEV_0_DRAM_INTERLEAVED,DEV_0_DRAM_INTERLEAVED,3000.0,90504.21061265632,87402
DEV_0_DRAM_INTERLEAVED,DEV_0_DRAM_INTERLEAVED,DEV_0_DRAM_INTERLEAVED,3000.0,90504.21061265632,86093
DEV_0_DRAM_INTERLEAVED,DEV_0_DRAM_INTERLEAVED,DEV_0_DRAM_INTERLEAVED,3000.0,90504.21061265632,86907
DEV_0_DRAM_INTERLEAVED,DEV_0_DRAM_INTERLEAVED,DEV_0_DRAM_INTERLEAVED,3000.0,90504.21061265632,88535
DEV_0_DRAM_INTERLEAVED,DEV_0_DRAM_INTERLEAVED,DEV_0_DRAM_INTERLEAVED,3000.0,90504.21061265632,87128
DEV_0_DRAM_INTERLEAVED,DEV_0_DRAM_INTERLEAVED,DEV_0_DRAM_INTERLEAVED,3000.0,90504.21061265632,88081
DEV_0_DRAM_INTERLEAVED,DEV_0_DRAM_INTERLEAVED,DEV_0_DRAM_INTERLEAVED,4000.0,119477.82931635769,119755
DEV_0_DRAM_INTERLEAVED,DEV_0_DRAM_INTERLEAVED,DEV_0_DRAM_INTERLEAVED,4000.0,119477.82931635769,119109
DEV_0_DRAM_INTERLEAVED,DEV_0_DRAM_INTERLEAVED,DEV_0_DRAM_INTERLEAVED,4000.0,119477.82931635769,118412
DEV_0_DRAM_INTERLEAVED,DEV_0_DRAM_INTERLEAVED,DEV_0_DRAM_INTERLEAVED,4000.0,119477.82931635769,119680
DEV_0_DRAM_INTERLEAVED,DEV_0_DRAM_INTERLEAVED,DEV_0_DRAM_INTERLEAVED,4000.0,119477.82931635769,117207
DEV_0_DRAM_INTERLEAVED,DEV_0_DRAM_INTERLEAVED,DEV_0_DRAM_INTERLEAVED,4000.0,119477.82931635769,116957
DEV_0_DRAM_INTERLEAVED,DEV_0_DRAM_INTERLEAVED,DEV_0_DRAM_INTERLEAVED,4000.0,119477.82931635769,121236
DEV_0_DRAM_INTERLEAVED,DEV_0_DRAM_INTERLEAVED,DEV_0_DRAM_INTERLEAVED,4000.0,119477.82931635769,119122
DEV_0_DRAM_INTERLEAVED,DEV_0_DRAM_INTERLEAVED,DEV_0_DRAM_INTERLEAVED,4000.0,119477.82931635769,119277
DEV_0_DRAM_INTERLEAVED,DEV_0_DRAM_INTERLEAVED,DEV_0_DRAM_INTERLEAVED,4000.0,119477.82931635769,118526
DEV_0_DRAM_INTERLEAVED,DEV_0_DRAM_INTERLEAVED,DEV_0_DRAM_INTERLEAVED,7000.0,206398.6854274618,200028
DEV_0_DRAM_INTERLEAVED,DEV_0_DRAM_INTERLEAVED,DEV_0_DRAM_INTERLEAVED,7000.0,206398.6854274618,203263
DEV_0_DRAM_INTERLEAVED,DEV_0_DRAM_INTERLEAVED,DEV_0_DRAM_INTERLEAVED,7000.0,206398.6854274618,203047
DEV_0_DRAM_INTERLEAVED,DEV_0_DRAM_INTERLEAVED,DEV_0_DRAM_INTERLEAVED,7000.0,206398.6854274618,200216
DEV_0_DRAM_INTERLEAVED,DEV_0_DRAM_INTERLEAVED,DEV_0_DRAM_INTERLEAVED,7000.0,206398.6854274618,200995
DEV_0_DRAM_INTERLEAVED,DEV_0_DRAM_INTERLEAVED,DEV_0_DRAM_INTERLEAVED,7000.0,206398.6854274618,202274
DEV_0_DRAM_INTERLEAVED,DEV_0_DRAM_INTERLEAVED,DEV_0_DRAM_INTERLEAVED,7000.0,206398.6854274618,201489
DEV_0_DRAM_INTERLEAVED,DEV_0_DRAM_INTERLEAVED,DEV_0_DRAM_INTERLEAVED,7000.0,206398.6854274618,202359
DEV_0_DRAM_INTERLEAVED,DEV_0_DRAM_INTERLEAVED,DEV_0_DRAM_INTERLEAVED,7000.0,206398.6854274618,200928
DEV_0_DRAM_INTERLEAVED,DEV_0_DRAM_INTERLEAVED,DEV_0_DRAM_INTERLEAVED,7000.0,206398.6854274618,203407
DEV_0_DRAM_INTERLEAVED,DEV_0_DRAM_INTERLEAVED,DEV_0_DRAM_INTERLEAVED,9000.0,264345.9228348645,264650
DEV_0_DRAM_INTERLEAVED,DEV_0_DRAM_INTERLEAVED,DEV_0_DRAM_INTERLEAVED,9000.0,264345.9228348645,263938
DEV_0_DRAM_INTERLEAVED,DEV_0_DRAM_INTERLEAVED,DEV_0_DRAM_INTERLEAVED,9000.0,264345.9228348645,267126
DEV_0_DRAM_INTERLEAVED,DEV_0_DRAM_INTERLEAVED,DEV_0_DRAM_INTERLEAVED,9000.0,264345.9228348645,263968
DEV_0_DRAM_INTERLEAVED,DEV_0_DRAM_INTERLEAVED,DEV_0_DRAM_INTERLEAVED,9000.0,264345.9228348645,264060
DEV_0_DRAM_INTERLEAVED,DEV_0_DRAM_INTERLEAVED,DEV_0_DRAM_INTERLEAVED,9000.0,264345.9228348645,264176
DEV_0_DRAM_INTERLEAVED,DEV_0_DRAM_INTERLEAVED,DEV_0_DRAM_INTERLEAVED,9000.0,264345.9228348645,265172
DEV_0_DRAM_INTERLEAVED,DEV_0_DRAM_INTERLEAVED,DEV_0_DRAM_INTERLEAVED,9000.0,264345.9228348645,264251
DEV_0_DRAM_INTERLEAVED,DEV_0_DRAM_INTERLEAVED,DEV_0_DRAM_INTERLEAVED,9000.0,264345.9228348645,266214
DEV_0_DRAM_INTERLEAVED,DEV_0_DRAM_INTERLEAVED,DEV_0_DRAM_INTERLEAVED,9000.0,264345.9228348645,266063
DEV_0_DRAM_INTERLEAVED,DEV_0_DRAM_INTERLEAVED,DEV_0_DRAM_INTERLEAVED,11000.0,322293.1602422673,324420
DEV_0_DRAM_INTERLEAVED,DEV_0_DRAM_INTERLEAVED,DEV_0_DRAM_INTERLEAVED,11000.0,322293.1602422673,323565
DEV_0_DRAM_INTERLEAVED,DEV_0_DRAM_INTERLEAVED,DEV_0_DRAM_INTERLEAVED,11000.0,322293.1602422673,326566
DEV_0_DRAM_INTERLEAVED,DEV_0_DRAM_INTERLEAVED,DEV_0_DRAM_INTERLEAVED,11000.0,322293.1602422673,324321
DEV_0_DRAM_INTERLEAVED,DEV_0_DRAM_INTERLEAVED,DEV_0_DRAM_INTERLEAVED,11000.0,322293.1602422673,325439
DEV_0_DRAM_INTERLEAVED,DEV_0_DRAM_INTERLEAVED,DEV_0_DRAM_INTERLEAVED,11000.0,322293.1602422673,326501
DEV_0_DRAM_INTERLEAVED,DEV_0_DRAM_INTERLEAVED,DEV_0_DRAM_INTERLEAVED,11000.0,322293.1602422673,327498
DEV_0_DRAM_INTERLEAVED,DEV_0_DRAM_INTERLEAVED,DEV_0_DRAM_INTERLEAVED,11000.0,322293.1602422673,324011
DEV_0_DRAM_INTERLEAVED,DEV_0_DRAM_INTERLEAVED,DEV_0_DRAM_INTERLEAVED,11000.0,322293.1602422673,328708
DEV_0_DRAM_INTERLEAVED,DEV_0_DRAM_INTERLEAVED,DEV_0_DRAM_INTERLEAVED,11000.0,322293.1602422673,323168
DEV_0_DRAM_INTERLEAVED,DEV_0_DRAM_INTERLEAVED,DEV_0_L1_INTERLEAVED,5.0,3117.582343669278,1873
DEV_0_DRAM_INTERLEAVED,DEV_0_DRAM_INTERLEAVED,DEV_0_L1_INTERLEAVED,5.0,3117.582343669278,1889
DEV_0_DRAM_INTERLEAVED,DEV_0_DRAM_INTERLEAVED,DEV_0_L1_INTERLEAVED,5.0,3117.582343669278,1874
DEV_0_DRAM_INTERLEAVED,DEV_0_DRAM_INTERLEAVED,DEV_0_L1_INTERLEAVED,5.0,3117.582343669278,1877
DEV_0_DRAM_INTERLEAVED,DEV_0_DRAM_INTERLEAVED,DEV_0_L1_INTERLEAVED,5.0,3117.582343669278,1872
DEV_0_DRAM_INTERLEAVED,DEV_0_DRAM_INTERLEAVED,DEV_0_L1_INTERLEAVED,5.0,3117.582343669278,1871
DEV_0_DRAM_INTERLEAVED,DEV_0_DRAM_INTERLEAVED,DEV_0_L1_INTERLEAVED,5.0,3117.582343669278,1893
DEV_0_DRAM_INTERLEAVED,DEV_0_DRAM_INTERLEAVED,DEV_0_L1_INTERLEAVED,5.0,3117.582343669278,1847
DEV_0_DRAM_INTERLEAVED,DEV_0_DRAM_INTERLEAVED,DEV_0_L1_INTERLEAVED,5.0,3117.582343669278,1900
DEV_0_DRAM_INTERLEAVED,DEV_0_DRAM_INTERLEAVED,DEV_0_L1_INTERLEAVED,5.0,3117.582343669278,2047
DEV_0_DRAM_INTERLEAVED,DEV_0_DRAM_INTERLEAVED,DEV_0_L1_INTERLEAVED,20.0,3424.2338397363096,2135
DEV_0_DRAM_INTERLEAVED,DEV_0_DRAM_INTERLEAVED,DEV_0_L1_INTERLEAVED,20.0,3424.2338397363096,2129
DEV_0_DRAM_INTERLEAVED,DEV_0_DRAM_INTERLEAVED,DEV_0_L1_INTERLEAVED,20.0,3424.2338397363096,2123
DEV_0_DRAM_INTERLEAVED,DEV_0_DRAM_INTERLEAVED,DEV_0_L1_INTERLEAVED,20.0,3424.2338397363096,2073
DEV_0_DRAM_INTERLEAVED,DEV_0_DRAM_INTERLEAVED,DEV_0_L1_INTERLEAVED,20.0,3424.2338397363096,2110
DEV_0_DRAM_INTERLEAVED,DEV_0_DRAM_INTERLEAVED,DEV_0_L1_INTERLEAVED,20.0,3424.2338397363096,2120
DEV_0_DRAM_INTERLEAVED,DEV_0_DRAM_INTERLEAVED,DEV_0_L1_INTERLEAVED,20.0,3424.2338397363096,2073
DEV_0_DRAM_INTERLEAVED,DEV_0_DRAM_INTERLEAVED,DEV_0_L1_INTERLEAVED,20.0,3424.2338397363096,2154
DEV_0_DRAM_INTERLEAVED,DEV_0_DRAM_INTERLEAVED,DEV_0_L1_INTERLEAVED,20.0,3424.2338397363096,2126
DEV_0_DRAM_INTERLEAVED,DEV_0_DRAM_INTERLEAVED,DEV_0_L1_INTERLEAVED,20.0,3424.2338397363096,2215
DEV_0_DRAM_INTERLEAVED,DEV_0_DRAM_INTERLEAVED,DEV_0_L1_INTERLEAVED,200.0,7104.051792540686,7537
DEV_0_DRAM_INTERLEAVED,DEV_0_DRAM_INTERLEAVED,DEV_0_L1_INTERLEAVED,200.0,7104.051792540686,7860
DEV_0_DRAM_INTERLEAVED,DEV_0_DRAM_INTERLEAVED,DEV_0_L1_INTERLEAVED,200.0,7104.051792540686,8191
DEV_0_DRAM_INTERLEAVED,DEV_0_DRAM_INTERLEAVED,DEV_0_L1_INTERLEAVED,200.0,7104.051792540686,7867
DEV_0_DRAM_INTERLEAVED,DEV_0_DRAM_INTERLEAVED,DEV_0_L1_INTERLEAVED,200.0,7104.051792540686,8395
DEV_0_DRAM_INTERLEAVED,DEV_0_DRAM_INTERLEAVED,DEV_0_L1_INTERLEAVED,200.0,7104.051792540686,8004
DEV_0_DRAM_INTERLEAVED,DEV_0_DRAM_INTERLEAVED,DEV_0_L1_INTERLEAVED,200.0,7104.051792540686,8377
DEV_0_DRAM_INTERLEAVED,DEV_0_DRAM_INTERLEAVED,DEV_0_L1_INTERLEAVED,200.0,7104.051792540686,8533
DEV_0_DRAM_INTERLEAVED,DEV_0_DRAM_INTERLEAVED,DEV_0_L1_INTERLEAVED,200.0,7104.051792540686,8009
DEV_0_DRAM_INTERLEAVED,DEV_0_DRAM_INTERLEAVED,DEV_0_L1_INTERLEAVED,200.0,7104.051792540686,7546
DEV_0_DRAM_INTERLEAVED,DEV_0_DRAM_INTERLEAVED,DEV_0_L1_INTERLEAVED,500.0,13237.08171388131,16992
DEV_0_DRAM_INTERLEAVED,DEV_0_DRAM_INTERLEAVED,DEV_0_L1_INTERLEAVED,500.0,13237.08171388131,16427
DEV_0_DRAM_INTERLEAVED,DEV_0_DRAM_INTERLEAVED,DEV_0_L1_INTERLEAVED,500.0,13237.08171388131,15953
DEV_0_DRAM_INTERLEAVED,DEV_0_DRAM_INTERLEAVED,DEV_0_L1_INTERLEAVED,500.0,13237.08171388131,15470
DEV_0_DRAM_INTERLEAVED,DEV_0_DRAM_INTERLEAVED,DEV_0_L1_INTERLEAVED,500.0,13237.08171388131,16037
DEV_0_DRAM_INTERLEAVED,DEV_0_DRAM_INTERLEAVED,DEV_0_L1_INTERLEAVED,500.0,13237.08171388131,16422
DEV_0_DRAM_INTERLEAVED,DEV_0_DRAM_INTERLEAVED,DEV_0_L1_INTERLEAVED,500.0,13237.08171388131,16077
DEV_0_DRAM_INTERLEAVED,DEV_0_DRAM_INTERLEAVED,DEV_0_L1_INTERLEAVED,500.0,13237.08171388131,16410
DEV_0_DRAM_INTERLEAVED,DEV_0_DRAM_INTERLEAVED,DEV_0_L1_INTERLEAVED,500.0,13237.08171388131,15891
DEV_0_DRAM_INTERLEAVED,DEV_0_DRAM_INTERLEAVED,DEV_0_L1_INTERLEAVED,500.0,13237.08171388131,15751
DEV_0_DRAM_INTERLEAVED,DEV_0_DRAM_INTERLEAVED,DEV_0_L1_INTERLEAVED,3000.0,64345.66439171986,64074
DEV_0_DRAM_INTERLEAVED,DEV_0_DRAM_INTERLEAVED,DEV_0_L1_INTERLEAVED,3000.0,64345.66439171986,64073
DEV_0_DRAM_INTERLEAVED,DEV_0_DRAM_INTERLEAVED,DEV_0_L1_INTERLEAVED,3000.0,64345.66439171986,62433
DEV_0_DRAM_INTERLEAVED,DEV_0_DRAM_INTERLEAVED,DEV_0_L1_INTERLEAVED,3000.0,64345.66439171986,64062
DEV_0_DRAM_INTERLEAVED,DEV_0_DRAM_INTERLEAVED,DEV_0_L1_INTERLEAVED,3000.0,64345.66439171986,63354
DEV_0_DRAM_INTERLEAVED,DEV_0_DRAM_INTERLEAVED,DEV_0_L1_INTERLEAVED,3000.0,64345.66439171986,61730
DEV_0_DRAM_INTERLEAVED,DEV_0_DRAM_INTERLEAVED,DEV_0_L1_INTERLEAVED,3000.0,64345.66439171986,63711
DEV_0_DRAM_INTERLEAVED,DEV_0_DRAM_INTERLEAVED,DEV_0_L1_INTERLEAVED,3000.0,64345.66439171986,64779
DEV_0_DRAM_INTERLEAVED,DEV_0_DRAM_INTERLEAVED,DEV_0_L1_INTERLEAVED,3000.0,64345.66439171986,65604
DEV_0_DRAM_INTERLEAVED,DEV_0_DRAM_INTERLEAVED,DEV_0_L1_INTERLEAVED,3000.0,64345.66439171986,63886
DEV_0_DRAM_INTERLEAVED,DEV_0_DRAM_INTERLEAVED,DEV_0_L1_INTERLEAVED,4000.0,84789.09746285528,82879
DEV_0_DRAM_INTERLEAVED,DEV_0_DRAM_INTERLEAVED,DEV_0_L1_INTERLEAVED,4000.0,84789.09746285528,85894
DEV_0_DRAM_INTERLEAVED,DEV_0_DRAM_INTERLEAVED,DEV_0_L1_INTERLEAVED,4000.0,84789.09746285528,83960
DEV_0_DRAM_INTERLEAVED,DEV_0_DRAM_INTERLEAVED,DEV_0_L1_INTERLEAVED,4000.0,84789.09746285528,83765
DEV_0_DRAM_INTERLEAVED,DEV_0_DRAM_INTERLEAVED,DEV_0_L1_INTERLEAVED,4000.0,84789.09746285528,82713
DEV_0_DRAM_INTERLEAVED,DEV_0_DRAM_INTERLEAVED,DEV_0_L1_INTERLEAVED,4000.0,84789.09746285528,83368
DEV_0_DRAM_INTERLEAVED,DEV_0_DRAM_INTERLEAVED,DEV_0_L1_INTERLEAVED,4000.0,84789.09746285528,86176
DEV_0_DRAM_INTERLEAVED,DEV_0_DRAM_INTERLEAVED,DEV_0_L1_INTERLEAVED,4000.0,84789.09746285528,82970
DEV_0_DRAM_INTERLEAVED,DEV_0_DRAM_INTERLEAVED,DEV_0_L1_INTERLEAVED,4000.0,84789.09746285528,82807
DEV_0_DRAM_INTERLEAVED,DEV_0_DRAM_INTERLEAVED,DEV_0_L1_INTERLEAVED,4000.0,84789.09746285528,80886
DEV_0_DRAM_INTERLEAVED,DEV_0_DRAM_INTERLEAVED,DEV_0_L1_INTERLEAVED,7000.0,146119.39667626153,148077
DEV_0_DRAM_INTERLEAVED,DEV_0_DRAM_INTERLEAVED,DEV_0_L1_INTERLEAVED,7000.0,146119.39667626153,145231
DEV_0_DRAM_INTERLEAVED,DEV_0_DRAM_INTERLEAVED,DEV_0_L1_INTERLEAVED,7000.0,146119.39667626153,146218
DEV_0_DRAM_INTERLEAVED,DEV_0_DRAM_INTERLEAVED,DEV_0_L1_INTERLEAVED,7000.0,146119.39667626153,145901
DEV_0_DRAM_INTERLEAVED,DEV_0_DRAM_INTERLEAVED,DEV_0_L1_INTERLEAVED,7000.0,146119.39667626153,145600
DEV_0_DRAM_INTERLEAVED,DEV_0_DRAM_INTERLEAVED,DEV_0_L1_INTERLEAVED,7000.0,146119.39667626153,143126
DEV_0_DRAM_INTERLEAVED,DEV_0_DRAM_INTERLEAVED,DEV_0_L1_INTERLEAVED,7000.0,146119.39667626153,142876
DEV_0_DRAM_INTERLEAVED,DEV_0_DRAM_INTERLEAVED,DEV_0_L1_INTERLEAVED,7000.0,146119.39667626153,149183
DEV_0_DRAM_INTERLEAVED,DEV_0_DRAM_INTERLEAVED,DEV_0_L1_INTERLEAVED,7000.0,146119.39667626153,146639
DEV_0_DRAM_INTERLEAVED,DEV_0_DRAM_INTERLEAVED,DEV_0_L1_INTERLEAVED,7000.0,146119.39667626153,145012
DEV_0_DRAM_INTERLEAVED,DEV_0_DRAM_INTERLEAVED,DEV_0_L1_INTERLEAVED,9000.0,187006.26281853238,189401
DEV_0_DRAM_INTERLEAVED,DEV_0_DRAM_INTERLEAVED,DEV_0_L1_INTERLEAVED,9000.0,187006.26281853238,188572
DEV_0_DRAM_INTERLEAVED,DEV_0_DRAM_INTERLEAVED,DEV_0_L1_INTERLEAVED,9000.0,187006.26281853238,185345
DEV_0_DRAM_INTERLEAVED,DEV_0_DRAM_INTERLEAVED,DEV_0_L1_INTERLEAVED,9000.0,187006.26281853238,185676
DEV_0_DRAM_INTERLEAVED,DEV_0_DRAM_INTERLEAVED,DEV_0_L1_INTERLEAVED,9000.0,187006.26281853238,187224
DEV_0_DRAM_INTERLEAVED,DEV_0_DRAM_INTERLEAVED,DEV_0_L1_INTERLEAVED,9000.0,187006.26281853238,190115
DEV_0_DRAM_INTERLEAVED,DEV_0_DRAM_INTERLEAVED,DEV_0_L1_INTERLEAVED,9000.0,187006.26281853238,189919
DEV_0_DRAM_INTERLEAVED,DEV_0_DRAM_INTERLEAVED,DEV_0_L1_INTERLEAVED,9000.0,187006.26281853238,187352
DEV_0_DRAM_INTERLEAVED,DEV_0_DRAM_INTERLEAVED,DEV_0_L1_INTERLEAVED,9000.0,187006.26281853238,188488
DEV_0_DRAM_INTERLEAVED,DEV_0_DRAM_INTERLEAVED,DEV_0_L1_INTERLEAVED,9000.0,187006.26281853238,187160
DEV_0_DRAM_INTERLEAVED,DEV_0_DRAM_INTERLEAVED,DEV_0_L1_INTERLEAVED,11000.0,227893.1289608032,226785
DEV_0_DRAM_INTERLEAVED,DEV_0_DRAM_INTERLEAVED,DEV_0_L1_INTERLEAVED,11000.0,227893.1289608032,228419
DEV_0_DRAM_INTERLEAVED,DEV_0_DRAM_INTERLEAVED,DEV_0_L1_INTERLEAVED,11000.0,227893.1289608032,227971
DEV_0_DRAM_INTERLEAVED,DEV_0_DRAM_INTERLEAVED,DEV_0_L1_INTERLEAVED,11000.0,227893.1289608032,226430
DEV_0_DRAM_INTERLEAVED,DEV_0_DRAM_INTERLEAVED,DEV_0_L1_INTERLEAVED,11000.0,227893.1289608032,225561
DEV_0_DRAM_INTERLEAVED,DEV_0_DRAM_INTERLEAVED,DEV_0_L1_INTERLEAVED,11000.0,227893.1289608032,226605
DEV_0_DRAM_INTERLEAVED,DEV_0_DRAM_INTERLEAVED,DEV_0_L1_INTERLEAVED,11000.0,227893.1289608032,232692
DEV_0_DRAM_INTERLEAVED,DEV_0_DRAM_INTERLEAVED,DEV_0_L1_INTERLEAVED,11000.0,227893.1289608032,227010
DEV_0_DRAM_INTERLEAVED,DEV_0_DRAM_INTERLEAVED,DEV_0_L1_INTERLEAVED,11000.0,227893.1289608032,228604
DEV_0_DRAM_INTERLEAVED,DEV_0_DRAM_INTERLEAVED,DEV_0_L1_INTERLEAVED,11000.0,227893.1289608032,228099
DEV_0_DRAM_INTERLEAVED,DEV_0_L1_INTERLEAVED,DEV_0_DRAM_INTERLEAVED,5.0,2355.762316720243,2073
DEV_0_DRAM_INTERLEAVED,DEV_0_L1_INTERLEAVED,DEV_0_DRAM_INTERLEAVED,5.0,2355.762316720243,1929
DEV_0_DRAM_INTERLEAVED,DEV_0_L1_INTERLEAVED,DEV_0_DRAM_INTERLEAVED,5.0,2355.762316720243,2082
DEV_0_DRAM_INTERLEAVED,DEV_0_L1_INTERLEAVED,DEV_0_DRAM_INTERLEAVED,5.0,2355.762316720243,2020
DEV_0_DRAM_INTERLEAVED,DEV_0_L1_INTERLEAVED,DEV_0_DRAM_INTERLEAVED,5.0,2355.762316720243,1938
DEV_0_DRAM_INTERLEAVED,DEV_0_L1_INTERLEAVED,DEV_0_DRAM_INTERLEAVED,5.0,2355.762316720243,1997
DEV_0_DRAM_INTERLEAVED,DEV_0_L1_INTERLEAVED,DEV_0_DRAM_INTERLEAVED,5.0,2355.762316720243,2099
DEV_0_DRAM_INTERLEAVED,DEV_0_L1_INTERLEAVED,DEV_0_DRAM_INTERLEAVED,5.0,2355.762316720243,1913
DEV_0_DRAM_INTERLEAVED,DEV_0_L1_INTERLEAVED,DEV_0_DRAM_INTERLEAVED,5.0,2355.762316720243,1938
DEV_0_DRAM_INTERLEAVED,DEV_0_L1_INTERLEAVED,DEV_0_DRAM_INTERLEAVED,5.0,2355.762316720243,1934
DEV_0_DRAM_INTERLEAVED,DEV_0_L1_INTERLEAVED,DEV_0_DRAM_INTERLEAVED,20.0,2654.8087436880273,2188
DEV_0_DRAM_INTERLEAVED,DEV_0_L1_INTERLEAVED,DEV_0_DRAM_INTERLEAVED,20.0,2654.8087436880273,2234
DEV_0_DRAM_INTERLEAVED,DEV_0_L1_INTERLEAVED,DEV_0_DRAM_INTERLEAVED,20.0,2654.8087436880273,2395
DEV_0_DRAM_INTERLEAVED,DEV_0_L1_INTERLEAVED,DEV_0_DRAM_INTERLEAVED,20.0,2654.8087436880273,2151
DEV_0_DRAM_INTERLEAVED,DEV_0_L1_INTERLEAVED,DEV_0_DRAM_INTERLEAVED,20.0,2654.8087436880273,2334
DEV_0_DRAM_INTERLEAVED,DEV_0_L1_INTERLEAVED,DEV_0_DRAM_INTERLEAVED,20.0,2654.8087436880273,2250
DEV_0_DRAM_INTERLEAVED,DEV_0_L1_INTERLEAVED,DEV_0_DRAM_INTERLEAVED,20.0,2654.8087436880273,2197
DEV_0_DRAM_INTERLEAVED,DEV_0_L1_INTERLEAVED,DEV_0_DRAM_INTERLEAVED,20.0,2654.8087436880273,2252
DEV_0_DRAM_INTERLEAVED,DEV_0_L1_INTERLEAVED,DEV_0_DRAM_INTERLEAVED,20.0,2654.8087436880273,2271
DEV_0_DRAM_INTERLEAVED,DEV_0_L1_INTERLEAVED,DEV_0_DRAM_INTERLEAVED,20.0,2654.8087436880273,2226
DEV_0_DRAM_INTERLEAVED,DEV_0_L1_INTERLEAVED,DEV_0_DRAM_INTERLEAVED,200.0,6243.3658673014415,6857
DEV_0_DRAM_INTERLEAVED,DEV_0_L1_INTERLEAVED,DEV_0_DRAM_INTERLEAVED,200.0,6243.3658673014415,6639
DEV_0_DRAM_INTERLEAVED,DEV_0_L1_INTERLEAVED,DEV_0_DRAM_INTERLEAVED,200.0,6243.3658673014415,6306
DEV_0_DRAM_INTERLEAVED,DEV_0_L1_INTERLEAVED,DEV_0_DRAM_INTERLEAVED,200.0,6243.3658673014415,6422
DEV_0_DRAM_INTERLEAVED,DEV_0_L1_INTERLEAVED,DEV_0_DRAM_INTERLEAVED,200.0,6243.3658673014415,6345
DEV_0_DRAM_INTERLEAVED,DEV_0_L1_INTERLEAVED,DEV_0_DRAM_INTERLEAVED,200.0,6243.3658673014415,6661
DEV_0_DRAM_INTERLEAVED,DEV_0_L1_INTERLEAVED,DEV_0_DRAM_INTERLEAVED,200.0,6243.3658673014415,6337
DEV_0_DRAM_INTERLEAVED,DEV_0_L1_INTERLEAVED,DEV_0_DRAM_INTERLEAVED,200.0,6243.3658673014415,6879
DEV_0_DRAM_INTERLEAVED,DEV_0_L1_INTERLEAVED,DEV_0_DRAM_INTERLEAVED,200.0,6243.3658673014415,6648
DEV_0_DRAM_INTERLEAVED,DEV_0_L1_INTERLEAVED,DEV_0_DRAM_INTERLEAVED,200.0,6243.3658673014415,6442
DEV_0_DRAM_INTERLEAVED,DEV_0_L1_INTERLEAVED,DEV_0_DRAM_INTERLEAVED,500.0,12224.29440665713,14191
DEV_0_DRAM_INTERLEAVED,DEV_0_L1_INTERLEAVED,DEV_0_DRAM_INTERLEAVED,500.0,12224.29440665713,14103
DEV_0_DRAM_INTERLEAVED,DEV_0_L1_INTERLEAVED,DEV_0_DRAM_INTERLEAVED,500.0,12224.29440665713,14168
DEV_0_DRAM_INTERLEAVED,DEV_0_L1_INTERLEAVED,DEV_0_DRAM_INTERLEAVED,500.0,12224.29440665713,14143
DEV_0_DRAM_INTERLEAVED,DEV_0_L1_INTERLEAVED,DEV_0_DRAM_INTERLEAVED,500.0,12224.29440665713,13718
DEV_0_DRAM_INTERLEAVED,DEV_0_L1_INTERLEAVED,DEV_0_DRAM_INTERLEAVED,500.0,12224.29440665713,13786
DEV_0_DRAM_INTERLEAVED,DEV_0_L1_INTERLEAVED,DEV_0_DRAM_INTERLEAVED,500.0,12224.29440665713,14935
DEV_0_DRAM_INTERLEAVED,DEV_0_L1_INTERLEAVED,DEV_0_DRAM_INTERLEAVED,500.0,12224.29440665713,14378
DEV_0_DRAM_INTERLEAVED,DEV_0_L1_INTERLEAVED,DEV_0_DRAM_INTERLEAVED,500.0,12224.29440665713,14257
DEV_0_DRAM_INTERLEAVED,DEV_0_L1_INTERLEAVED,DEV_0_DRAM_INTERLEAVED,500.0,12224.29440665713,14065
DEV_0_DRAM_INTERLEAVED,DEV_0_L1_INTERLEAVED,DEV_0_DRAM_INTERLEAVED,3000.0,62065.36556795454,60349
DEV_0_DRAM_INTERLEAVED,DEV_0_L1_INTERLEAVED,DEV_0_DRAM_INTERLEAVED,3000.0,62065.36556795454,61200
DEV_0_DRAM_INTERLEAVED,DEV_0_L1_INTERLEAVED,DEV_0_DRAM_INTERLEAVED,3000.0,62065.36556795454,60197
DEV_0_DRAM_INTERLEAVED,DEV_0_L1_INTERLEAVED,DEV_0_DRAM_INTERLEAVED,3000.0,62065.36556795454,61267
DEV_0_DRAM_INTERLEAVED,DEV_0_L1_INTERLEAVED,DEV_0_DRAM_INTERLEAVED,3000.0,62065.36556795454,60008
DEV_0_DRAM_INTERLEAVED,DEV_0_L1_INTERLEAVED,DEV_0_DRAM_INTERLEAVED,3000.0,62065.36556795454,61067
DEV_0_DRAM_INTERLEAVED,DEV_0_L1_INTERLEAVED,DEV_0_DRAM_INTERLEAVED,3000.0,62065.36556795454,60909
DEV_0_DRAM_INTERLEAVED,DEV_0_L1_INTERLEAVED,DEV_0_DRAM_INTERLEAVED,3000.0,62065.36556795454,61338
DEV_0_DRAM_INTERLEAVED,DEV_0_L1_INTERLEAVED,DEV_0_DRAM_INTERLEAVED,3000.0,62065.36556795454,60428
DEV_0_DRAM_INTERLEAVED,DEV_0_L1_INTERLEAVED,DEV_0_DRAM_INTERLEAVED,3000.0,62065.36556795454,61692
DEV_0_DRAM_INTERLEAVED,DEV_0_L1_INTERLEAVED,DEV_0_DRAM_INTERLEAVED,4000.0,82001.79403247351,81563
DEV_0_DRAM_INTERLEAVED,DEV_0_L1_INTERLEAVED,DEV_0_DRAM_INTERLEAVED,4000.0,82001.79403247351,83187
DEV_0_DRAM_INTERLEAVED,DEV_0_L1_INTERLEAVED,DEV_0_DRAM_INTERLEAVED,4000.0,82001.79403247351,82994
DEV_0_DRAM_INTERLEAVED,DEV_0_L1_INTERLEAVED,DEV_0_DRAM_INTERLEAVED,4000.0,82001.79403247351,85454
DEV_0_DRAM_INTERLEAVED,DEV_0_L1_INTERLEAVED,DEV_0_DRAM_INTERLEAVED,4000.0,82001.79403247351,81124
DEV_0_DRAM_INTERLEAVED,DEV_0_L1_INTERLEAVED,DEV_0_DRAM_INTERLEAVED,4000.0,82001.79403247351,82426
DEV_0_DRAM_INTERLEAVED,DEV_0_L1_INTERLEAVED,DEV_0_DRAM_INTERLEAVED,4000.0,82001.79403247351,81893
DEV_0_DRAM_INTERLEAVED,DEV_0_L1_INTERLEAVED,DEV_0_DRAM_INTERLEAVED,4000.0,82001.79403247351,81586
DEV_0_DRAM_INTERLEAVED,DEV_0_L1_INTERLEAVED,DEV_0_DRAM_INTERLEAVED,4000.0,82001.79403247351,83363
DEV_0_DRAM_INTERLEAVED,DEV_0_L1_INTERLEAVED,DEV_0_DRAM_INTERLEAVED,4000.0,82001.79403247351,82257
DEV_0_DRAM_INTERLEAVED,DEV_0_L1_INTERLEAVED,DEV_0_DRAM_INTERLEAVED,7000.0,141811.0794260304,138079
DEV_0_DRAM_INTERLEAVED,DEV_0_L1_INTERLEAVED,DEV_0_DRAM_INTERLEAVED,7000.0,141811.0794260304,139656
DEV_0_DRAM_INTERLEAVED,DEV_0_L1_INTERLEAVED,DEV_0_DRAM_INTERLEAVED,7000.0,141811.0794260304,140378
DEV_0_DRAM_INTERLEAVED,DEV_0_L1_INTERLEAVED,DEV_0_DRAM_INTERLEAVED,7000.0,141811.0794260304,138934
DEV_0_DRAM_INTERLEAVED,DEV_0_L1_INTERLEAVED,DEV_0_DRAM_INTERLEAVED,7000.0,141811.0794260304,142778
DEV_0_DRAM_INTERLEAVED,DEV_0_L1_INTERLEAVED,DEV_0_DRAM_INTERLEAVED,7000.0,141811.0794260304,141155
DEV_0_DRAM_INTERLEAVED,DEV_0_L1_INTERLEAVED,DEV_0_DRAM_INTERLEAVED,7000.0,141811.0794260304,139549
DEV_0_DRAM_INTERLEAVED,DEV_0_L1_INTERLEAVED,DEV_0_DRAM_INTERLEAVED,7000.0,141811.0794260304,139519
DEV_0_DRAM_INTERLEAVED,DEV_0_L1_INTERLEAVED,DEV_0_DRAM_INTERLEAVED,7000.0,141811.0794260304,138176
DEV_0_DRAM_INTERLEAVED,DEV_0_L1_INTERLEAVED,DEV_0_DRAM_INTERLEAVED,7000.0,141811.0794260304,138873
DEV_0_DRAM_INTERLEAVED,DEV_0_L1_INTERLEAVED,DEV_0_DRAM_INTERLEAVED,9000.0,181683.93635506832,180879
DEV_0_DRAM_INTERLEAVED,DEV_0_L1_INTERLEAVED,DEV_0_DRAM_INTERLEAVED,9000.0,181683.93635506832,182483
DEV_0_DRAM_INTERLEAVED,DEV_0_L1_INTERLEAVED,DEV_0_DRAM_INTERLEAVED,9000.0,181683.93635506832,182452
DEV_0_DRAM_INTERLEAVED,DEV_0_L1_INTERLEAVED,DEV_0_DRAM_INTERLEAVED,9000.0,181683.93635506832,178698
DEV_0_DRAM_INTERLEAVED,DEV_0_L1_INTERLEAVED,DEV_0_DRAM_INTERLEAVED,9000.0,181683.93635506832,178604
DEV_0_DRAM_INTERLEAVED,DEV_0_L1_INTERLEAVED,DEV_0_DRAM_INTERLEAVED,9000.0,181683.93635506832,179928
DEV_0_DRAM_INTERLEAVED,DEV_0_L1_INTERLEAVED,DEV_0_DRAM_INTERLEAVED,9000.0,181683.93635506832,182431
DEV_0_DRAM_INTERLEAVED,DEV_0_L1_INTERLEAVED,DEV_0_DRAM_INTERLEAVED,9000.0,181683.93635506832,179978
DEV_0_DRAM_INTERLEAVED,DEV_0_L1_INTERLEAVED,DEV_0_DRAM_INTERLEAVED,9000.0,181683.93635506832,182087
DEV_0_DRAM_INTERLEAVED,DEV_0_L1_INTERLEAVED,DEV_0_DRAM_INTERLEAVED,9000.0,181683.93635506832,182803
DEV_0_DRAM_INTERLEAVED,DEV_0_L1_INTERLEAVED,DEV_0_DRAM_INTERLEAVED,11000.0,221556.79328410627,227847
DEV_0_DRAM_INTERLEAVED,DEV_0_L1_INTERLEAVED,DEV_0_DRAM_INTERLEAVED,11000.0,221556.79328410627,222815
DEV_0_DRAM_INTERLEAVED,DEV_0_L1_INTERLEAVED,DEV_0_DRAM_INTERLEAVED,11000.0,221556.79328410627,223146
DEV_0_DRAM_INTERLEAVED,DEV_0_L1_INTERLEAVED,DEV_0_DRAM_INTERLEAVED,11000.0,221556.79328410627,222309
DEV_0_DRAM_INTERLEAVED,DEV_0_L1_INTERLEAVED,DEV_0_DRAM_INTERLEAVED,11000.0,221556.79328410627,224743
DEV_0_DRAM_INTERLEAVED,DEV_0_L1_INTERLEAVED,DEV_0_DRAM_INTERLEAVED,11000.0,221556.79328410627,223229
DEV_0_DRAM_INTERLEAVED,DEV_0_L1_INTERLEAVED,DEV_0_DRAM_INTERLEAVED,11000.0,221556.79328410627,222285
DEV_0_DRAM_INTERLEAVED,DEV_0_L1_INTERLEAVED,DEV_0_DRAM_INTERLEAVED,11000.0,221556.79328410627,226634
DEV_0_DRAM_INTERLEAVED,DEV_0_L1_INTERLEAVED,DEV_0_DRAM_INTERLEAVED,11000.0,221556.79328410627,220286
DEV_0_DRAM_INTERLEAVED,DEV_0_L1_INTERLEAVED,DEV_0_DRAM_INTERLEAVED,11000.0,221556.79328410627,221235
DEV_0_DRAM_INTERLEAVED,DEV_0_L1_INTERLEAVED,DEV_0_L1_INTERLEAVED,5.0,2414.541223818249,1803
DEV_0_DRAM_INTERLEAVED,DEV_0_L1_INTERLEAVED,DEV_0_L1_INTERLEAVED,5.0,2414.541223818249,1789
DEV_0_DRAM_INTERLEAVED,DEV_0_L1_INTERLEAVED,DEV_0_L1_INTERLEAVED,5.0,2414.541223818249,1818
DEV_0_DRAM_INTERLEAVED,DEV_0_L1_INTERLEAVED,DEV_0_L1_INTERLEAVED,5.0,2414.541223818249,1811
DEV_0_DRAM_INTERLEAVED,DEV_0_L1_INTERLEAVED,DEV_0_L1_INTERLEAVED,5.0,2414.541223818249,1858
DEV_0_DRAM_INTERLEAVED,DEV_0_L1_INTERLEAVED,DEV_0_L1_INTERLEAVED,5.0,2414.541223818249,1804
DEV_0_DRAM_INTERLEAVED,DEV_0_L1_INTERLEAVED,DEV_0_L1_INTERLEAVED,5.0,2414.541223818249,1901
DEV_0_DRAM_INTERLEAVED,DEV_0_L1_INTERLEAVED,DEV_0_L1_INTERLEAVED,5.0,2414.541223818249,1811
DEV_0_DRAM_INTERLEAVED,DEV_0_L1_INTERLEAVED,DEV_0_L1_INTERLEAVED,5.0,2414.541223818249,1792
DEV_0_DRAM_INTERLEAVED,DEV_0_L1_INTERLEAVED,DEV_0_L1_INTERLEAVED,5.0,2414.541223818249,1935
DEV_0_DRAM_INTERLEAVED,DEV_0_L1_INTERLEAVED,DEV_0_L1_INTERLEAVED,20.0,2640.62363254906,2002
DEV_0_DRAM_INTERLEAVED,DEV_0_L1_INTERLEAVED,DEV_0_L1_INTERLEAVED,20.0,2640.62363254906,2033
DEV_0_DRAM_INTERLEAVED,DEV_0_L1_INTERLEAVED,DEV_0_L1_INTERLEAVED,20.0,2640.62363254906,2045
DEV_0_DRAM_INTERLEAVED,DEV_0_L1_INTERLEAVED,DEV_0_L1_INTERLEAVED,20.0,2640.62363254906,2004
DEV_0_DRAM_INTERLEAVED,DEV_0_L1_INTERLEAVED,DEV_0_L1_INTERLEAVED,20.0,2640.62363254906,2014
DEV_0_DRAM_INTERLEAVED,DEV_0_L1_INTERLEAVED,DEV_0_L1_INTERLEAVED,20.0,2640.62363254906,1992
DEV_0_DRAM_INTERLEAVED,DEV_0_L1_INTERLEAVED,DEV_0_L1_INTERLEAVED,20.0,2640.62363254906,1985
DEV_0_DRAM_INTERLEAVED,DEV_0_L1_INTERLEAVED,DEV_0_L1_INTERLEAVED,20.0,2640.62363254906,2043
DEV_0_DRAM_INTERLEAVED,DEV_0_L1_INTERLEAVED,DEV_0_L1_INTERLEAVED,20.0,2640.62363254906,2052
DEV_0_DRAM_INTERLEAVED,DEV_0_L1_INTERLEAVED,DEV_0_L1_INTERLEAVED,20.0,2640.62363254906,2046
DEV_0_DRAM_INTERLEAVED,DEV_0_L1_INTERLEAVED,DEV_0_L1_INTERLEAVED,200.0,5353.612537318795,5435
DEV_0_DRAM_INTERLEAVED,DEV_0_L1_INTERLEAVED,DEV_0_L1_INTERLEAVED,200.0,5353.612537318795,5346
DEV_0_DRAM_INTERLEAVED,DEV_0_L1_INTERLEAVED,DEV_0_L1_INTERLEAVED,200.0,5353.612537318795,5529
DEV_0_DRAM_INTERLEAVED,DEV_0_L1_INTERLEAVED,DEV_0_L1_INTERLEAVED,200.0,5353.612537318795,5361
DEV_0_DRAM_INTERLEAVED,DEV_0_L1_INTERLEAVED,DEV_0_L1_INTERLEAVED,200.0,5353.612537318795,5728
DEV_0_DRAM_INTERLEAVED,DEV_0_L1_INTERLEAVED,DEV_0_L1_INTERLEAVED,200.0,5353.612537318795,5559
DEV_0_DRAM_INTERLEAVED,DEV_0_L1_INTERLEAVED,DEV_0_L1_INTERLEAVED,200.0,5353.612537318795,5449
DEV_0_DRAM_INTERLEAVED,DEV_0_L1_INTERLEAVED,DEV_0_L1_INTERLEAVED,200.0,5353.612537318795,5273
DEV_0_DRAM_INTERLEAVED,DEV_0_L1_INTERLEAVED,DEV_0_L1_INTERLEAVED,200.0,5353.612537318795,5384
DEV_0_DRAM_INTERLEAVED,DEV_0_L1_INTERLEAVED,DEV_0_L1_INTERLEAVED,200.0,5353.612537318795,5311
DEV_0_DRAM_INTERLEAVED,DEV_0_L1_INTERLEAVED,DEV_0_L1_INTERLEAVED,500.0,9875.260711935021,11725
DEV_0_DRAM_INTERLEAVED,DEV_0_L1_INTERLEAVED,DEV_0_L1_INTERLEAVED,500.0,9875.260711935021,11020
DEV_0_DRAM_INTERLEAVED,DEV_0_L1_INTERLEAVED,DEV_0_L1_INTERLEAVED,500.0,9875.260711935021,11652
DEV_0_DRAM_INTERLEAVED,DEV_0_L1_INTERLEAVED,DEV_0_L1_INTERLEAVED,500.0,9875.260711935021,11314
DEV_0_DRAM_INTERLEAVED,DEV_0_L1_INTERLEAVED,DEV_0_L1_INTERLEAVED,500.0,9875.260711935021,11493
DEV_0_DRAM_INTERLEAVED,DEV_0_L1_INTERLEAVED,DEV_0_L1_INTERLEAVED,500.0,9875.260711935021,11096
DEV_0_DRAM_INTERLEAVED,DEV_0_L1_INTERLEAVED,DEV_0_L1_INTERLEAVED,500.0,9875.260711935021,11511
DEV_0_DRAM_INTERLEAVED,DEV_0_L1_INTERLEAVED,DEV_0_L1_INTERLEAVED,500.0,9875.260711935021,11288
DEV_0_DRAM_INTERLEAVED,DEV_0_L1_INTERLEAVED,DEV_0_L1_INTERLEAVED,500.0,9875.260711935021,11378
DEV_0_DRAM_INTERLEAVED,DEV_0_L1_INTERLEAVED,DEV_0_L1_INTERLEAVED,500.0,9875.260711935021,11567
DEV_0_DRAM_INTERLEAVED,DEV_0_L1_INTERLEAVED,DEV_0_L1_INTERLEAVED,3000.0,47555.66216707024,46385
DEV_0_DRAM_INTERLEAVED,DEV_0_L1_INTERLEAVED,DEV_0_L1_INTERLEAVED,3000.0,47555.66216707024,48993
DEV_0_DRAM_INTERLEAVED,DEV_0_L1_INTERLEAVED,DEV_0_L1_INTERLEAVED,3000.0,47555.66216707024,46294
DEV_0_DRAM_INTERLEAVED,DEV_0_L1_INTERLEAVED,DEV_0_L1_INTERLEAVED,3000.0,47555.66216707024,46781
DEV_0_DRAM_INTERLEAVED,DEV_0_L1_INTERLEAVED,DEV_0_L1_INTERLEAVED,3000.0,47555.66216707024,47111
DEV_0_DRAM_INTERLEAVED,DEV_0_L1_INTERLEAVED,DEV_0_L1_INTERLEAVED,3000.0,47555.66216707024,47660
DEV_0_DRAM_INTERLEAVED,DEV_0_L1_INTERLEAVED,DEV_0_L1_INTERLEAVED,3000.0,47555.66216707024,47036
DEV_0_DRAM_INTERLEAVED,DEV_0_L1_INTERLEAVED,DEV_0_L1_INTERLEAVED,3000.0,47555.66216707024,47557
DEV_0_DRAM_INTERLEAVED,DEV_0_L1_INTERLEAVED,DEV_0_L1_INTERLEAVED,3000.0,47555.66216707024,46592
DEV_0_DRAM_INTERLEAVED,DEV_0_L1_INTERLEAVED,DEV_0_L1_INTERLEAVED,3000.0,47555.66216707024,46251
DEV_0_DRAM_INTERLEAVED,DEV_0_L1_INTERLEAVED,DEV_0_L1_INTERLEAVED,4000.0,62627.82274912432,64671
DEV_0_DRAM_INTERLEAVED,DEV_0_L1_INTERLEAVED,DEV_0_L1_INTERLEAVED,4000.0,62627.82274912432,63660
DEV_0_DRAM_INTERLEAVED,DEV_0_L1_INTERLEAVED,DEV_0_L1_INTERLEAVED,4000.0,62627.82274912432,62352
DEV_0_DRAM_INTERLEAVED,DEV_0_L1_INTERLEAVED,DEV_0_L1_INTERLEAVED,4000.0,62627.82274912432,62361
DEV_0_DRAM_INTERLEAVED,DEV_0_L1_INTERLEAVED,DEV_0_L1_INTERLEAVED,4000.0,62627.82274912432,62474
DEV_0_DRAM_INTERLEAVED,DEV_0_L1_INTERLEAVED,DEV_0_L1_INTERLEAVED,4000.0,62627.82274912432,63957
DEV_0_DRAM_INTERLEAVED,DEV_0_L1_INTERLEAVED,DEV_0_L1_INTERLEAVED,4000.0,62627.82274912432,62837
DEV_0_DRAM_INTERLEAVED,DEV_0_L1_INTERLEAVED,DEV_0_L1_INTERLEAVED,4000.0,62627.82274912432,61999
DEV_0_DRAM_INTERLEAVED,DEV_0_L1_INTERLEAVED,DEV_0_L1_INTERLEAVED,4000.0,62627.82274912432,61936
DEV_0_DRAM_INTERLEAVED,DEV_0_L1_INTERLEAVED,DEV_0_L1_INTERLEAVED,4000.0,62627.82274912432,63580
DEV_0_DRAM_INTERLEAVED,DEV_0_L1_INTERLEAVED,DEV_0_L1_INTERLEAVED,7000.0,107844.30449528657,106522
DEV_0_DRAM_INTERLEAVED,DEV_0_L1_INTERLEAVED,DEV_0_L1_INTERLEAVED,7000.0,107844.30449528657,108245
DEV_0_DRAM_INTERLEAVED,DEV_0_L1_INTERLEAVED,DEV_0_L1_INTERLEAVED,7000.0,107844.30449528657,107181
DEV_0_DRAM_INTERLEAVED,DEV_0_L1_INTERLEAVED,DEV_0_L1_INTERLEAVED,7000.0,107844.30449528657,108163
DEV_0_DRAM_INTERLEAVED,DEV_0_L1_INTERLEAVED,DEV_0_L1_INTERLEAVED,7000.0,107844.30449528657,107980
DEV_0_DRAM_INTERLEAVED,DEV_0_L1_INTERLEAVED,DEV_0_L1_INTERLEAVED,7000.0,107844.30449528657,105192
DEV_0_DRAM_INTERLEAVED,DEV_0_L1_INTERLEAVED,DEV_0_L1_INTERLEAVED,7000.0,107844.30449528657,107383
DEV_0_DRAM_INTERLEAVED,DEV_0_L1_INTERLEAVED,DEV_0_L1_INTERLEAVED,7000.0,107844.30449528657,109388
DEV_0_DRAM_INTERLEAVED,DEV_0_L1_INTERLEAVED,DEV_0_L1_INTERLEAVED,7000.0,107844.30449528657,104935
DEV_0_DRAM_INTERLEAVED,DEV_0_L1_INTERLEAVED,DEV_0_L1_INTERLEAVED,7000.0,107844.30449528657,107006
DEV_0_DRAM_INTERLEAVED,DEV_0_L1_INTERLEAVED,DEV_0_L1_INTERLEAVED,9000.0,137988.62565939475,138997
DEV_0_DRAM_INTERLEAVED,DEV_0_L1_INTERLEAVED,DEV_0_L1_INTERLEAVED,9000.0,137988.62565939475,137859
DEV_0_DRAM_INTERLEAVED,DEV_0_L1_INTERLEAVED,DEV_0_L1_INTERLEAVED,9000.0,137988.62565939475,136612
DEV_0_DRAM_INTERLEAVED,DEV_0_L1_INTERLEAVED,DEV_0_L1_INTERLEAVED,9000.0,137988.62565939475,139639
DEV_0_DRAM_INTERLEAVED,DEV_0_L1_INTERLEAVED,DEV_0_L1_INTERLEAVED,9000.0,137988.62565939475,139737
DEV_0_DRAM_INTERLEAVED,DEV_0_L1_INTERLEAVED,DEV_0_L1_INTERLEAVED,9000.0,137988.62565939475,136224
DEV_0_DRAM_INTERLEAVED,DEV_0_L1_INTERLEAVED,DEV_0_L1_INTERLEAVED,9000.0,137988.62565939475,137701
DEV_0_DRAM_INTERLEAVED,DEV_0_L1_INTERLEAVED,DEV_0_L1_INTERLEAVED,9000.0,137988.62565939475,139743
DEV_0_DRAM_INTERLEAVED,DEV_0_L1_INTERLEAVED,DEV_0_L1_INTERLEAVED,9000.0,137988.62565939475,137606
DEV_0_DRAM_INTERLEAVED,DEV_0_L1_INTERLEAVED,DEV_0_L1_INTERLEAVED,9000.0,137988.62565939475,137019
DEV_0_DRAM_INTERLEAVED,DEV_0_L1_INTERLEAVED,DEV_0_L1_INTERLEAVED,11000.0,168132.94682350292,167397
DEV_0_DRAM_INTERLEAVED,DEV_0_L1_INTERLEAVED,DEV_0_L1_INTERLEAVED,11000.0,168132.94682350292,168705
DEV_0_DRAM_INTERLEAVED,DEV_0_L1_INTERLEAVED,DEV_0_L1_INTERLEAVED,11000.0,168132.94682350292,169752
DEV_0_DRAM_INTERLEAVED,DEV_0_L1_INTERLEAVED,DEV_0_L1_INTERLEAVED,11000.0,168132.94682350292,166713
DEV_0_DRAM_INTERLEAVED,DEV_0_L1_INTERLEAVED,DEV_0_L1_INTERLEAVED,11000.0,168132.94682350292,169125
DEV_0_DRAM_INTERLEAVED,DEV_0_L1_INTERLEAVED,DEV_0_L1_INTERLEAVED,11000.0,168132.94682350292,169035
DEV_0_DRAM_INTERLEAVED,DEV_0_L1_INTERLEAVED,DEV_0_L1_INTERLEAVED,11000.0,168132.94682350292,168698
DEV_0_DRAM_INTERLEAVED,DEV_0_L1_INTERLEAVED,DEV_0_L1_INTERLEAVED,11000.0,168132.94682350292,170600
DEV_0_DRAM_INTERLEAVED,DEV_0_L1_INTERLEAVED,DEV_0_L1_INTERLEAVED,11000.0,168132.94682350292,167965
DEV_0_DRAM_INTERLEAVED,DEV_0_L1_INTERLEAVED,DEV_0_L1_INTERLEAVED,11000.0,168132.94682350292,165768
DEV_0_L1_INTERLEAVED,DEV_0_DRAM_INTERLEAVED,DEV_0_DRAM_INTERLEAVED,5.0,2553.3962408928905,1959
DEV_0_L1_INTERLEAVED,DEV_0_DRAM_INTERLEAVED,DEV_0_DRAM_INTERLEAVED,5.0,2553.3962408928905,1979
DEV_0_L1_INTERLEAVED,DEV_0_DRAM_INTERLEAVED,DEV_0_DRAM_INTERLEAVED,5.0,2553.3962408928905,1964
DEV_0_L1_INTERLEAVED,DEV_0_DRAM_INTERLEAVED,DEV_0_DRAM_INTERLEAVED,5.0,2553.3962408928905,1980
DEV_0_L1_INTERLEAVED,DEV_0_DRAM_INTERLEAVED,DEV_0_DRAM_INTERLEAVED,5.0,2553.3962408928905,2015
DEV_0_L1_INTERLEAVED,DEV_0_DRAM_INTERLEAVED,DEV_0_DRAM_INTERLEAVED,5.0,2553.3962408928905,1978
DEV_0_L1_INTERLEAVED,DEV_0_DRAM_INTERLEAVED,DEV_0_DRAM_INTERLEAVED,5.0,2553.3962408928905,1961
DEV_0_L1_INTERLEAVED,DEV_0_DRAM_INTERLEAVED,DEV_0_DRAM_INTERLEAVED,5.0,2553.3962408928905,1983
DEV_0_L1_INTERLEAVED,DEV_0_DRAM_INTERLEAVED,DEV_0_DRAM_INTERLEAVED,5.0,2553.3962408928905,1948
DEV_0_L1_INTERLEAVED,DEV_0_DRAM_INTERLEAVED,DEV_0_DRAM_INTERLEAVED,5.0,2553.3962408928905,2024
DEV_0_L1_INTERLEAVED,DEV_0_DRAM_INTERLEAVED,DEV_0_DRAM_INTERLEAVED,20.0,2850.953521962079,2345
DEV_0_L1_INTERLEAVED,DEV_0_DRAM_INTERLEAVED,DEV_0_DRAM_INTERLEAVED,20.0,2850.953521962079,2348
DEV_0_L1_INTERLEAVED,DEV_0_DRAM_INTERLEAVED,DEV_0_DRAM_INTERLEAVED,20.0,2850.953521962079,2293
DEV_0_L1_INTERLEAVED,DEV_0_DRAM_INTERLEAVED,DEV_0_DRAM_INTERLEAVED,20.0,2850.953521962079,2349
DEV_0_L1_INTERLEAVED,DEV_0_DRAM_INTERLEAVED,DEV_0_DRAM_INTERLEAVED,20.0,2850.953521962079,2298
DEV_0_L1_INTERLEAVED,DEV_0_DRAM_INTERLEAVED,DEV_0_DRAM_INTERLEAVED,20.0,2850.953521962079,2216
DEV_0_L1_INTERLEAVED,DEV_0_DRAM_INTERLEAVED,DEV_0_DRAM_INTERLEAVED,20.0,2850.953521962079,2283
DEV_0_L1_INTERLEAVED,DEV_0_DRAM_INTERLEAVED,DEV_0_DRAM_INTERLEAVED,20.0,2850.953521962079,2364
DEV_0_L1_INTERLEAVED,DEV_0_DRAM_INTERLEAVED,DEV_0_DRAM_INTERLEAVED,20.0,2850.953521962079,2316
DEV_0_L1_INTERLEAVED,DEV_0_DRAM_INTERLEAVED,DEV_0_DRAM_INTERLEAVED,20.0,2850.953521962079,2323
DEV_0_L1_INTERLEAVED,DEV_0_DRAM_INTERLEAVED,DEV_0_DRAM_INTERLEAVED,200.0,6421.640894792342,6717
DEV_0_L1_INTERLEAVED,DEV_0_DRAM_INTERLEAVED,DEV_0_DRAM_INTERLEAVED,200.0,6421.640894792342,7187
DEV_0_L1_INTERLEAVED,DEV_0_DRAM_INTERLEAVED,DEV_0_DRAM_INTERLEAVED,200.0,6421.640894792342,6902
DEV_0_L1_INTERLEAVED,DEV_0_DRAM_INTERLEAVED,DEV_0_DRAM_INTERLEAVED,200.0,6421.640894792342,6403
DEV_0_L1_INTERLEAVED,DEV_0_DRAM_INTERLEAVED,DEV_0_DRAM_INTERLEAVED,200.0,6421.640894792342,6689
DEV_0_L1_INTERLEAVED,DEV_0_DRAM_INTERLEAVED,DEV_0_DRAM_INTERLEAVED,200.0,6421.640894792342,6270
DEV_0_L1_INTERLEAVED,DEV_0_DRAM_INTERLEAVED,DEV_0_DRAM_INTERLEAVED,200.0,6421.640894792342,6642
DEV_0_L1_INTERLEAVED,DEV_0_DRAM_INTERLEAVED,DEV_0_DRAM_INTERLEAVED,200.0,6421.640894792342,6470
DEV_0_L1_INTERLEAVED,DEV_0_DRAM_INTERLEAVED,DEV_0_DRAM_INTERLEAVED,200.0,6421.640894792342,6590
DEV_0_L1_INTERLEAVED,DEV_0_DRAM_INTERLEAVED,DEV_0_DRAM_INTERLEAVED,200.0,6421.640894792342,6636
DEV_0_L1_INTERLEAVED,DEV_0_DRAM_INTERLEAVED,DEV_0_DRAM_INTERLEAVED,500.0,12372.786516176113,13966
DEV_0_L1_INTERLEAVED,DEV_0_DRAM_INTERLEAVED,DEV_0_DRAM_INTERLEAVED,500.0,12372.786516176113,14371
DEV_0_L1_INTERLEAVED,DEV_0_DRAM_INTERLEAVED,DEV_0_DRAM_INTERLEAVED,500.0,12372.786516176113,14447
DEV_0_L1_INTERLEAVED,DEV_0_DRAM_INTERLEAVED,DEV_0_DRAM_INTERLEAVED,500.0,12372.786516176113,13826
DEV_0_L1_INTERLEAVED,DEV_0_DRAM_INTERLEAVED,DEV_0_DRAM_INTERLEAVED,500.0,12372.786516176113,13794
DEV_0_L1_INTERLEAVED,DEV_0_DRAM_INTERLEAVED,DEV_0_DRAM_INTERLEAVED,500.0,12372.786516176113,14681
DEV_0_L1_INTERLEAVED,DEV_0_DRAM_INTERLEAVED,DEV_0_DRAM_INTERLEAVED,500.0,12372.786516176113,14492
DEV_0_L1_INTERLEAVED,DEV_0_DRAM_INTERLEAVED,DEV_0_DRAM_INTERLEAVED,500.0,12372.786516176113,14455
DEV_0_L1_INTERLEAVED,DEV_0_DRAM_INTERLEAVED,DEV_0_DRAM_INTERLEAVED,500.0,12372.786516176113,14687
DEV_0_L1_INTERLEAVED,DEV_0_DRAM_INTERLEAVED,DEV_0_DRAM_INTERLEAVED,500.0,12372.786516176113,14712
DEV_0_L1_INTERLEAVED,DEV_0_DRAM_INTERLEAVED,DEV_0_DRAM_INTERLEAVED,3000.0,61965.66669437421,60632
DEV_0_L1_INTERLEAVED,DEV_0_DRAM_INTERLEAVED,DEV_0_DRAM_INTERLEAVED,3000.0,61965.66669437421,61582
DEV_0_L1_INTERLEAVED,DEV_0_DRAM_INTERLEAVED,DEV_0_DRAM_INTERLEAVED,3000.0,61965.66669437421,60582
DEV_0_L1_INTERLEAVED,DEV_0_DRAM_INTERLEAVED,DEV_0_DRAM_INTERLEAVED,3000.0,61965.66669437421,60842
DEV_0_L1_INTERLEAVED,DEV_0_DRAM_INTERLEAVED,DEV_0_DRAM_INTERLEAVED,3000.0,61965.66669437421,60231
DEV_0_L1_INTERLEAVED,DEV_0_DRAM_INTERLEAVED,DEV_0_DRAM_INTERLEAVED,3000.0,61965.66669437421,61084
DEV_0_L1_INTERLEAVED,DEV_0_DRAM_INTERLEAVED,DEV_0_DRAM_INTERLEAVED,3000.0,61965.66669437421,60982
DEV_0_L1_INTERLEAVED,DEV_0_DRAM_INTERLEAVED,DEV_0_DRAM_INTERLEAVED,3000.0,61965.66669437421,61012
DEV_0_L1_INTERLEAVED,DEV_0_DRAM_INTERLEAVED,DEV_0_DRAM_INTERLEAVED,3000.0,61965.66669437421,60930
DEV_0_L1_INTERLEAVED,DEV_0_DRAM_INTERLEAVED,DEV_0_DRAM_INTERLEAVED,3000.0,61965.66669437421,61307
DEV_0_L1_INTERLEAVED,DEV_0_DRAM_INTERLEAVED,DEV_0_DRAM_INTERLEAVED,4000.0,81802.81876565344,82844
DEV_0_L1_INTERLEAVED,DEV_0_DRAM_INTERLEAVED,DEV_0_DRAM_INTERLEAVED,4000.0,81802.81876565344,82092
DEV_0_L1_INTERLEAVED,DEV_0_DRAM_INTERLEAVED,DEV_0_DRAM_INTERLEAVED,4000.0,81802.81876565344,81878
DEV_0_L1_INTERLEAVED,DEV_0_DRAM_INTERLEAVED,DEV_0_DRAM_INTERLEAVED,4000.0,81802.81876565344,82284
DEV_0_L1_INTERLEAVED,DEV_0_DRAM_INTERLEAVED,DEV_0_DRAM_INTERLEAVED,4000.0,81802.81876565344,83461
DEV_0_L1_INTERLEAVED,DEV_0_DRAM_INTERLEAVED,DEV_0_DRAM_INTERLEAVED,4000.0,81802.81876565344,82287
DEV_0_L1_INTERLEAVED,DEV_0_DRAM_INTERLEAVED,DEV_0_DRAM_INTERLEAVED,4000.0,81802.81876565344,82544
DEV_0_L1_INTERLEAVED,DEV_0_DRAM_INTERLEAVED,DEV_0_DRAM_INTERLEAVED,4000.0,81802.81876565344,82500
DEV_0_L1_INTERLEAVED,DEV_0_DRAM_INTERLEAVED,DEV_0_DRAM_INTERLEAVED,4000.0,81802.81876565344,84976
DEV_0_L1_INTERLEAVED,DEV_0_DRAM_INTERLEAVED,DEV_0_DRAM_INTERLEAVED,4000.0,81802.81876565344,82991
DEV_0_L1_INTERLEAVED,DEV_0_DRAM_INTERLEAVED,DEV_0_DRAM_INTERLEAVED,7000.0,141314.27497949114,138104
DEV_0_L1_INTERLEAVED,DEV_0_DRAM_INTERLEAVED,DEV_0_DRAM_INTERLEAVED,7000.0,141314.27497949114,140012
DEV_0_L1_INTERLEAVED,DEV_0_DRAM_INTERLEAVED,DEV_0_DRAM_INTERLEAVED,7000.0,141314.27497949114,138345
DEV_0_L1_INTERLEAVED,DEV_0_DRAM_INTERLEAVED,DEV_0_DRAM_INTERLEAVED,7000.0,141314.27497949114,140422
DEV_0_L1_INTERLEAVED,DEV_0_DRAM_INTERLEAVED,DEV_0_DRAM_INTERLEAVED,7000.0,141314.27497949114,139025
DEV_0_L1_INTERLEAVED,DEV_0_DRAM_INTERLEAVED,DEV_0_DRAM_INTERLEAVED,7000.0,141314.27497949114,139015
DEV_0_L1_INTERLEAVED,DEV_0_DRAM_INTERLEAVED,DEV_0_DRAM_INTERLEAVED,7000.0,141314.27497949114,138951
DEV_0_L1_INTERLEAVED,DEV_0_DRAM_INTERLEAVED,DEV_0_DRAM_INTERLEAVED,7000.0,141314.27497949114,138460
DEV_0_L1_INTERLEAVED,DEV_0_DRAM_INTERLEAVED,DEV_0_DRAM_INTERLEAVED,7000.0,141314.27497949114,140205
DEV_0_L1_INTERLEAVED,DEV_0_DRAM_INTERLEAVED,DEV_0_DRAM_INTERLEAVED,7000.0,141314.27497949114,138800
DEV_0_L1_INTERLEAVED,DEV_0_DRAM_INTERLEAVED,DEV_0_DRAM_INTERLEAVED,9000.0,180988.57912204962,179612
DEV_0_L1_INTERLEAVED,DEV_0_DRAM_INTERLEAVED,DEV_0_DRAM_INTERLEAVED,9000.0,180988.57912204962,181419
DEV_0_L1_INTERLEAVED,DEV_0_DRAM_INTERLEAVED,DEV_0_DRAM_INTERLEAVED,9000.0,180988.57912204962,182320
DEV_0_L1_INTERLEAVED,DEV_0_DRAM_INTERLEAVED,DEV_0_DRAM_INTERLEAVED,9000.0,180988.57912204962,180480
DEV_0_L1_INTERLEAVED,DEV_0_DRAM_INTERLEAVED,DEV_0_DRAM_INTERLEAVED,9000.0,180988.57912204962,180486
DEV_0_L1_INTERLEAVED,DEV_0_DRAM_INTERLEAVED,DEV_0_DRAM_INTERLEAVED,9000.0,180988.57912204962,180859
DEV_0_L1_INTERLEAVED,DEV_0_DRAM_INTERLEAVED,DEV_0_DRAM_INTERLEAVED,9000.0,180988.57912204962,179306
DEV_0_L1_INTERLEAVED,DEV_0_DRAM_INTERLEAVED,DEV_0_DRAM_INTERLEAVED,9000.0,180988.57912204962,180153
DEV_0_L1_INTERLEAVED,DEV_0_DRAM_INTERLEAVED,DEV_0_DRAM_INTERLEAVED,9000.0,180988.57912204962,183294
DEV_0_L1_INTERLEAVED,DEV_0_DRAM_INTERLEAVED,DEV_0_DRAM_INTERLEAVED,9000.0,180988.57912204962,178327
DEV_0_L1_INTERLEAVED,DEV_0_DRAM_INTERLEAVED,DEV_0_DRAM_INTERLEAVED,11000.0,220662.8832646081,222159
DEV_0_L1_INTERLEAVED,DEV_0_DRAM_INTERLEAVED,DEV_0_DRAM_INTERLEAVED,11000.0,220662.8832646081,220904
DEV_0_L1_INTERLEAVED,DEV_0_DRAM_INTERLEAVED,DEV_0_DRAM_INTERLEAVED,11000.0,220662.8832646081,224457
DEV_0_L1_INTERLEAVED,DEV_0_DRAM_INTERLEAVED,DEV_0_DRAM_INTERLEAVED,11000.0,220662.8832646081,219923
DEV_0_L1_INTERLEAVED,DEV_0_DRAM_INTERLEAVED,DEV_0_DRAM_INTERLEAVED,11000.0,220662.8832646081,220482
DEV_0_L1_INTERLEAVED,DEV_0_DRAM_INTERLEAVED,DEV_0_DRAM_INTERLEAVED,11000.0,220662.8832646081,221278
DEV_0_L1_INTERLEAVED,DEV_0_DRAM_INTERLEAVED,DEV_0_DRAM_INTERLEAVED,11000.0,220662.8832646081,222211
DEV_0_L1_INTERLEAVED,DEV_0_DRAM_INTERLEAVED,DEV_0_DRAM_INTERLEAVED,11000.0,220662.8832646081,223473
DEV_0_L1_INTERLEAVED,DEV_0_DRAM_INTERLEAVED,DEV_0_DRAM_INTERLEAVED,11000.0,220662.8832646081,223779
DEV_0_L1_INTERLEAVED,DEV_0_DRAM_INTERLEAVED,DEV_0_DRAM_INTERLEAVED,11000.0,220662.8832646081,223165
DEV_0_L1_INTERLEAVED,DEV_0_DRAM_INTERLEAVED,DEV_0_L1_INTERLEAVED,5.0,2261.585717263757,1855
DEV_0_L1_INTERLEAVED,DEV_0_DRAM_INTERLEAVED,DEV_0_L1_INTERLEAVED,5.0,2261.585717263757,1978
DEV_0_L1_INTERLEAVED,DEV_0_DRAM_INTERLEAVED,DEV_0_L1_INTERLEAVED,5.0,2261.585717263757,1859
DEV_0_L1_INTERLEAVED,DEV_0_DRAM_INTERLEAVED,DEV_0_L1_INTERLEAVED,5.0,2261.585717263757,1855
DEV_0_L1_INTERLEAVED,DEV_0_DRAM_INTERLEAVED,DEV_0_L1_INTERLEAVED,5.0,2261.585717263757,1862
DEV_0_L1_INTERLEAVED,DEV_0_DRAM_INTERLEAVED,DEV_0_L1_INTERLEAVED,5.0,2261.585717263757,1994
DEV_0_L1_INTERLEAVED,DEV_0_DRAM_INTERLEAVED,DEV_0_L1_INTERLEAVED,5.0,2261.585717263757,1997
DEV_0_L1_INTERLEAVED,DEV_0_DRAM_INTERLEAVED,DEV_0_L1_INTERLEAVED,5.0,2261.585717263757,1837
DEV_0_L1_INTERLEAVED,DEV_0_DRAM_INTERLEAVED,DEV_0_L1_INTERLEAVED,5.0,2261.585717263757,1844
DEV_0_L1_INTERLEAVED,DEV_0_DRAM_INTERLEAVED,DEV_0_L1_INTERLEAVED,5.0,2261.585717263757,1869
DEV_0_L1_INTERLEAVED,DEV_0_DRAM_INTERLEAVED,DEV_0_L1_INTERLEAVED,20.0,2487.4809718245815,2021
DEV_0_L1_INTERLEAVED,DEV_0_DRAM_INTERLEAVED,DEV_0_L1_INTERLEAVED,20.0,2487.4809718245815,2004
DEV_0_L1_INTERLEAVED,DEV_0_DRAM_INTERLEAVED,DEV_0_L1_INTERLEAVED,20.0,2487.4809718245815,1973
DEV_0_L1_INTERLEAVED,DEV_0_DRAM_INTERLEAVED,DEV_0_L1_INTERLEAVED,20.0,2487.4809718245815,2064
DEV_0_L1_INTERLEAVED,DEV_0_DRAM_INTERLEAVED,DEV_0_L1_INTERLEAVED,20.0,2487.4809718245815,1976
DEV_0_L1_INTERLEAVED,DEV_0_DRAM_INTERLEAVED,DEV_0_L1_INTERLEAVED,20.0,2487.4809718245815,2034
DEV_0_L1_INTERLEAVED,DEV_0_DRAM_INTERLEAVED,DEV_0_L1_INTERLEAVED,20.0,2487.4809718245815,1991
DEV_0_L1_INTERLEAVED,DEV_0_DRAM_INTERLEAVED,DEV_0_L1_INTERLEAVED,20.0,2487.4809718245815,1981
DEV_0_L1_INTERLEAVED,DEV_0_DRAM_INTERLEAVED,DEV_0_L1_INTERLEAVED,20.0,2487.4809718245815,2015
DEV_0_L1_INTERLEAVED,DEV_0_DRAM_INTERLEAVED,DEV_0_L1_INTERLEAVED,20.0,2487.4809718245815,1988
DEV_0_L1_INTERLEAVED,DEV_0_DRAM_INTERLEAVED,DEV_0_L1_INTERLEAVED,200.0,5198.224026554475,5466
DEV_0_L1_INTERLEAVED,DEV_0_DRAM_INTERLEAVED,DEV_0_L1_INTERLEAVED,200.0,5198.224026554475,5372
DEV_0_L1_INTERLEAVED,DEV_0_DRAM_INTERLEAVED,DEV_0_L1_INTERLEAVED,200.0,5198.224026554475,5427
DEV_0_L1_INTERLEAVED,DEV_0_DRAM_INTERLEAVED,DEV_0_L1_INTERLEAVED,200.0,5198.224026554475,5492
DEV_0_L1_INTERLEAVED,DEV_0_DRAM_INTERLEAVED,DEV_0_L1_INTERLEAVED,200.0,5198.224026554475,5361
DEV_0_L1_INTERLEAVED,DEV_0_DRAM_INTERLEAVED,DEV_0_L1_INTERLEAVED,200.0,5198.224026554475,5545
DEV_0_L1_INTERLEAVED,DEV_0_DRAM_INTERLEAVED,DEV_0_L1_INTERLEAVED,200.0,5198.224026554475,5561
DEV_0_L1_INTERLEAVED,DEV_0_DRAM_INTERLEAVED,DEV_0_L1_INTERLEAVED,200.0,5198.224026554475,5386
DEV_0_L1_INTERLEAVED,DEV_0_DRAM_INTERLEAVED,DEV_0_L1_INTERLEAVED,200.0,5198.224026554475,5320
DEV_0_L1_INTERLEAVED,DEV_0_DRAM_INTERLEAVED,DEV_0_L1_INTERLEAVED,200.0,5198.224026554475,5325
DEV_0_L1_INTERLEAVED,DEV_0_DRAM_INTERLEAVED,DEV_0_L1_INTERLEAVED,500.0,9716.129117770965,11347
DEV_0_L1_INTERLEAVED,DEV_0_DRAM_INTERLEAVED,DEV_0_L1_INTERLEAVED,500.0,9716.129117770965,11801
DEV_0_L1_INTERLEAVED,DEV_0_DRAM_INTERLEAVED,DEV_0_L1_INTERLEAVED,500.0,9716.129117770965,11633
DEV_0_L1_INTERLEAVED,DEV_0_DRAM_INTERLEAVED,DEV_0_L1_INTERLEAVED,500.0,9716.129117770965,10963
DEV_0_L1_INTERLEAVED,DEV_0_DRAM_INTERLEAVED,DEV_0_L1_INTERLEAVED,500.0,9716.129117770965,11265
DEV_0_L1_INTERLEAVED,DEV_0_DRAM_INTERLEAVED,DEV_0_L1_INTERLEAVED,500.0,9716.129117770965,11090
DEV_0_L1_INTERLEAVED,DEV_0_DRAM_INTERLEAVED,DEV_0_L1_INTERLEAVED,500.0,9716.129117770965,10982
DEV_0_L1_INTERLEAVED,DEV_0_DRAM_INTERLEAVED,DEV_0_L1_INTERLEAVED,500.0,9716.129117770965,11844
DEV_0_L1_INTERLEAVED,DEV_0_DRAM_INTERLEAVED,DEV_0_L1_INTERLEAVED,500.0,9716.129117770965,12286
DEV_0_L1_INTERLEAVED,DEV_0_DRAM_INTERLEAVED,DEV_0_L1_INTERLEAVED,500.0,9716.129117770965,11680
DEV_0_L1_INTERLEAVED,DEV_0_DRAM_INTERLEAVED,DEV_0_L1_INTERLEAVED,3000.0,47365.33821124171,46732
DEV_0_L1_INTERLEAVED,DEV_0_DRAM_INTERLEAVED,DEV_0_L1_INTERLEAVED,3000.0,47365.33821124171,45378
DEV_0_L1_INTERLEAVED,DEV_0_DRAM_INTERLEAVED,DEV_0_L1_INTERLEAVED,3000.0,47365.33821124171,45916
DEV_0_L1_INTERLEAVED,DEV_0_DRAM_INTERLEAVED,DEV_0_L1_INTERLEAVED,3000.0,47365.33821124171,46096
DEV_0_L1_INTERLEAVED,DEV_0_DRAM_INTERLEAVED,DEV_0_L1_INTERLEAVED,3000.0,47365.33821124171,46736
DEV_0_L1_INTERLEAVED,DEV_0_DRAM_INTERLEAVED,DEV_0_L1_INTERLEAVED,3000.0,47365.33821124171,46473
DEV_0_L1_INTERLEAVED,DEV_0_DRAM_INTERLEAVED,DEV_0_L1_INTERLEAVED,3000.0,47365.33821124171,46501
DEV_0_L1_INTERLEAVED,DEV_0_DRAM_INTERLEAVED,DEV_0_L1_INTERLEAVED,3000.0,47365.33821124171,46370
DEV_0_L1_INTERLEAVED,DEV_0_DRAM_INTERLEAVED,DEV_0_L1_INTERLEAVED,3000.0,47365.33821124171,46481
DEV_0_L1_INTERLEAVED,DEV_0_DRAM_INTERLEAVED,DEV_0_L1_INTERLEAVED,3000.0,47365.33821124171,46810
DEV_0_L1_INTERLEAVED,DEV_0_DRAM_INTERLEAVED,DEV_0_L1_INTERLEAVED,4000.0,62425.02184863001,62082
DEV_0_L1_INTERLEAVED,DEV_0_DRAM_INTERLEAVED,DEV_0_L1_INTERLEAVED,4000.0,62425.02184863001,61617
DEV_0_L1_INTERLEAVED,DEV_0_DRAM_INTERLEAVED,DEV_0_L1_INTERLEAVED,4000.0,62425.02184863001,63027
DEV_0_L1_INTERLEAVED,DEV_0_DRAM_INTERLEAVED,DEV_0_L1_INTERLEAVED,4000.0,62425.02184863001,61287
DEV_0_L1_INTERLEAVED,DEV_0_DRAM_INTERLEAVED,DEV_0_L1_INTERLEAVED,4000.0,62425.02184863001,62584
DEV_0_L1_INTERLEAVED,DEV_0_DRAM_INTERLEAVED,DEV_0_L1_INTERLEAVED,4000.0,62425.02184863001,61894
DEV_0_L1_INTERLEAVED,DEV_0_DRAM_INTERLEAVED,DEV_0_L1_INTERLEAVED,4000.0,62425.02184863001,63206
DEV_0_L1_INTERLEAVED,DEV_0_DRAM_INTERLEAVED,DEV_0_L1_INTERLEAVED,4000.0,62425.02184863001,62069
DEV_0_L1_INTERLEAVED,DEV_0_DRAM_INTERLEAVED,DEV_0_L1_INTERLEAVED,4000.0,62425.02184863001,62734
DEV_0_L1_INTERLEAVED,DEV_0_DRAM_INTERLEAVED,DEV_0_L1_INTERLEAVED,4000.0,62425.02184863001,62990
DEV_0_L1_INTERLEAVED,DEV_0_DRAM_INTERLEAVED,DEV_0_L1_INTERLEAVED,7000.0,107604.0727607949,105901
DEV_0_L1_INTERLEAVED,DEV_0_DRAM_INTERLEAVED,DEV_0_L1_INTERLEAVED,7000.0,107604.0727607949,108086
DEV_0_L1_INTERLEAVED,DEV_0_DRAM_INTERLEAVED,DEV_0_L1_INTERLEAVED,7000.0,107604.0727607949,106998
DEV_0_L1_INTERLEAVED,DEV_0_DRAM_INTERLEAVED,DEV_0_L1_INTERLEAVED,7000.0,107604.0727607949,106866
DEV_0_L1_INTERLEAVED,DEV_0_DRAM_INTERLEAVED,DEV_0_L1_INTERLEAVED,7000.0,107604.0727607949,107009
DEV_0_L1_INTERLEAVED,DEV_0_DRAM_INTERLEAVED,DEV_0_L1_INTERLEAVED,7000.0,107604.0727607949,106615
DEV_0_L1_INTERLEAVED,DEV_0_DRAM_INTERLEAVED,DEV_0_L1_INTERLEAVED,7000.0,107604.0727607949,109076
DEV_0_L1_INTERLEAVED,DEV_0_DRAM_INTERLEAVED,DEV_0_L1_INTERLEAVED,7000.0,107604.0727607949,103868
DEV_0_L1_INTERLEAVED,DEV_0_DRAM_INTERLEAVED,DEV_0_L1_INTERLEAVED,7000.0,107604.0727607949,105735
DEV_0_L1_INTERLEAVED,DEV_0_DRAM_INTERLEAVED,DEV_0_L1_INTERLEAVED,7000.0,107604.0727607949,106131
DEV_0_L1_INTERLEAVED,DEV_0_DRAM_INTERLEAVED,DEV_0_L1_INTERLEAVED,9000.0,137723.44003557152,137021
DEV_0_L1_INTERLEAVED,DEV_0_DRAM_INTERLEAVED,DEV_0_L1_INTERLEAVED,9000.0,137723.44003557152,137071
DEV_0_L1_INTERLEAVED,DEV_0_DRAM_INTERLEAVED,DEV_0_L1_INTERLEAVED,9000.0,137723.44003557152,140222
DEV_0_L1_INTERLEAVED,DEV_0_DRAM_INTERLEAVED,DEV_0_L1_INTERLEAVED,9000.0,137723.44003557152,140445
DEV_0_L1_INTERLEAVED,DEV_0_DRAM_INTERLEAVED,DEV_0_L1_INTERLEAVED,9000.0,137723.44003557152,136006
DEV_0_L1_INTERLEAVED,DEV_0_DRAM_INTERLEAVED,DEV_0_L1_INTERLEAVED,9000.0,137723.44003557152,139158
DEV_0_L1_INTERLEAVED,DEV_0_DRAM_INTERLEAVED,DEV_0_L1_INTERLEAVED,9000.0,137723.44003557152,139521
DEV_0_L1_INTERLEAVED,DEV_0_DRAM_INTERLEAVED,DEV_0_L1_INTERLEAVED,9000.0,137723.44003557152,138738
DEV_0_L1_INTERLEAVED,DEV_0_DRAM_INTERLEAVED,DEV_0_L1_INTERLEAVED,9000.0,137723.44003557152,136869
DEV_0_L1_INTERLEAVED,DEV_0_DRAM_INTERLEAVED,DEV_0_L1_INTERLEAVED,9000.0,137723.44003557152,136301
DEV_0_L1_INTERLEAVED,DEV_0_DRAM_INTERLEAVED,DEV_0_L1_INTERLEAVED,11000.0,167842.80731034811,168887
DEV_0_L1_INTERLEAVED,DEV_0_DRAM_INTERLEAVED,DEV_0_L1_INTERLEAVED,11000.0,167842.80731034811,167710
DEV_0_L1_INTERLEAVED,DEV_0_DRAM_INTERLEAVED,DEV_0_L1_INTERLEAVED,11000.0,167842.80731034811,166843
DEV_0_L1_INTERLEAVED,DEV_0_DRAM_INTERLEAVED,DEV_0_L1_INTERLEAVED,11000.0,167842.80731034811,167561
DEV_0_L1_INTERLEAVED,DEV_0_DRAM_INTERLEAVED,DEV_0_L1_INTERLEAVED,11000.0,167842.80731034811,167180
DEV_0_L1_INTERLEAVED,DEV_0_DRAM_INTERLEAVED,DEV_0_L1_INTERLEAVED,11000.0,167842.80731034811,168535
DEV_0_L1_INTERLEAVED,DEV_0_DRAM_INTERLEAVED,DEV_0_L1_INTERLEAVED,11000.0,167842.80731034811,169541
DEV_0_L1_INTERLEAVED,DEV_0_DRAM_INTERLEAVED,DEV_0_L1_INTERLEAVED,11000.0,167842.80731034811,169182
DEV_0_L1_INTERLEAVED,DEV_0_DRAM_INTERLEAVED,DEV_0_L1_INTERLEAVED,11000.0,167842.80731034811,168730
DEV_0_L1_INTERLEAVED,DEV_0_DRAM_INTERLEAVED,DEV_0_L1_INTERLEAVED,11000.0,167842.80731034811,169309
DEV_0_L1_INTERLEAVED,DEV_0_L1_INTERLEAVED,DEV_0_DRAM_INTERLEAVED,5.0,2724.1826539157514,1879
DEV_0_L1_INTERLEAVED,DEV_0_L1_INTERLEAVED,DEV_0_DRAM_INTERLEAVED,5.0,2724.1826539157514,1991
DEV_0_L1_INTERLEAVED,DEV_0_L1_INTERLEAVED,DEV_0_DRAM_INTERLEAVED,5.0,2724.1826539157514,1867
DEV_0_L1_INTERLEAVED,DEV_0_L1_INTERLEAVED,DEV_0_DRAM_INTERLEAVED,5.0,2724.1826539157514,2029
DEV_0_L1_INTERLEAVED,DEV_0_L1_INTERLEAVED,DEV_0_DRAM_INTERLEAVED,5.0,2724.1826539157514,1942
DEV_0_L1_INTERLEAVED,DEV_0_L1_INTERLEAVED,DEV_0_DRAM_INTERLEAVED,5.0,2724.1826539157514,1883
DEV_0_L1_INTERLEAVED,DEV_0_L1_INTERLEAVED,DEV_0_DRAM_INTERLEAVED,5.0,2724.1826539157514,1898
DEV_0_L1_INTERLEAVED,DEV_0_L1_INTERLEAVED,DEV_0_DRAM_INTERLEAVED,5.0,2724.1826539157514,1880
DEV_0_L1_INTERLEAVED,DEV_0_L1_INTERLEAVED,DEV_0_DRAM_INTERLEAVED,5.0,2724.1826539157514,1921
DEV_0_L1_INTERLEAVED,DEV_0_L1_INTERLEAVED,DEV_0_DRAM_INTERLEAVED,5.0,2724.1826539157514,1871
DEV_0_L1_INTERLEAVED,DEV_0_L1_INTERLEAVED,DEV_0_DRAM_INTERLEAVED,20.0,2943.0207404705775,2170
DEV_0_L1_INTERLEAVED,DEV_0_L1_INTERLEAVED,DEV_0_DRAM_INTERLEAVED,20.0,2943.0207404705775,2141
DEV_0_L1_INTERLEAVED,DEV_0_L1_INTERLEAVED,DEV_0_DRAM_INTERLEAVED,20.0,2943.0207404705775,2273
DEV_0_L1_INTERLEAVED,DEV_0_L1_INTERLEAVED,DEV_0_DRAM_INTERLEAVED,20.0,2943.0207404705775,2235
DEV_0_L1_INTERLEAVED,DEV_0_L1_INTERLEAVED,DEV_0_DRAM_INTERLEAVED,20.0,2943.0207404705775,2065
DEV_0_L1_INTERLEAVED,DEV_0_L1_INTERLEAVED,DEV_0_DRAM_INTERLEAVED,20.0,2943.0207404705775,2138
DEV_0_L1_INTERLEAVED,DEV_0_L1_INTERLEAVED,DEV_0_DRAM_INTERLEAVED,20.0,2943.0207404705775,2062
DEV_0_L1_INTERLEAVED,DEV_0_L1_INTERLEAVED,DEV_0_DRAM_INTERLEAVED,20.0,2943.0207404705775,2204
DEV_0_L1_INTERLEAVED,DEV_0_L1_INTERLEAVED,DEV_0_DRAM_INTERLEAVED,20.0,2943.0207404705775,2229
DEV_0_L1_INTERLEAVED,DEV_0_L1_INTERLEAVED,DEV_0_DRAM_INTERLEAVED,20.0,2943.0207404705775,2195
DEV_0_L1_INTERLEAVED,DEV_0_L1_INTERLEAVED,DEV_0_DRAM_INTERLEAVED,200.0,5569.077779128493,5564
DEV_0_L1_INTERLEAVED,DEV_0_L1_INTERLEAVED,DEV_0_DRAM_INTERLEAVED,200.0,5569.077779128493,5644
DEV_0_L1_INTERLEAVED,DEV_0_L1_INTERLEAVED,DEV_0_DRAM_INTERLEAVED,200.0,5569.077779128493,5465
DEV_0_L1_INTERLEAVED,DEV_0_L1_INTERLEAVED,DEV_0_DRAM_INTERLEAVED,200.0,5569.077779128493,5499
DEV_0_L1_INTERLEAVED,DEV_0_L1_INTERLEAVED,DEV_0_DRAM_INTERLEAVED,200.0,5569.077779128493,5927
DEV_0_L1_INTERLEAVED,DEV_0_L1_INTERLEAVED,DEV_0_DRAM_INTERLEAVED,200.0,5569.077779128493,5523
DEV_0_L1_INTERLEAVED,DEV_0_L1_INTERLEAVED,DEV_0_DRAM_INTERLEAVED,200.0,5569.077779128493,5762
DEV_0_L1_INTERLEAVED,DEV_0_L1_INTERLEAVED,DEV_0_DRAM_INTERLEAVED,200.0,5569.077779128493,5580
DEV_0_L1_INTERLEAVED,DEV_0_L1_INTERLEAVED,DEV_0_DRAM_INTERLEAVED,200.0,5569.077779128493,5712
DEV_0_L1_INTERLEAVED,DEV_0_L1_INTERLEAVED,DEV_0_DRAM_INTERLEAVED,200.0,5569.077779128493,5599
DEV_0_L1_INTERLEAVED,DEV_0_L1_INTERLEAVED,DEV_0_DRAM_INTERLEAVED,500.0,9945.839510225018,11572
DEV_0_L1_INTERLEAVED,DEV_0_L1_INTERLEAVED,DEV_0_DRAM_INTERLEAVED,500.0,9945.839510225018,11470
DEV_0_L1_INTERLEAVED,DEV_0_L1_INTERLEAVED,DEV_0_DRAM_INTERLEAVED,500.0,9945.839510225018,11360
DEV_0_L1_INTERLEAVED,DEV_0_L1_INTERLEAVED,DEV_0_DRAM_INTERLEAVED,500.0,9945.839510225018,11712
DEV_0_L1_INTERLEAVED,DEV_0_L1_INTERLEAVED,DEV_0_DRAM_INTERLEAVED,500.0,9945.839510225018,11691
DEV_0_L1_INTERLEAVED,DEV_0_L1_INTERLEAVED,DEV_0_DRAM_INTERLEAVED,500.0,9945.839510225018,11723
DEV_0_L1_INTERLEAVED,DEV_0_L1_INTERLEAVED,DEV_0_DRAM_INTERLEAVED,500.0,9945.839510225018,11550
DEV_0_L1_INTERLEAVED,DEV_0_L1_INTERLEAVED,DEV_0_DRAM_INTERLEAVED,500.0,9945.839510225018,11409
DEV_0_L1_INTERLEAVED,DEV_0_L1_INTERLEAVED,DEV_0_DRAM_INTERLEAVED,500.0,9945.839510225018,11607
DEV_0_L1_INTERLEAVED,DEV_0_L1_INTERLEAVED,DEV_0_DRAM_INTERLEAVED,500.0,9945.839510225018,11757
DEV_0_L1_INTERLEAVED,DEV_0_L1_INTERLEAVED,DEV_0_DRAM_INTERLEAVED,3000.0,46418.85393602939,44762
DEV_0_L1_INTERLEAVED,DEV_0_L1_INTERLEAVED,DEV_0_DRAM_INTERLEAVED,3000.0,46418.85393602939,46213
DEV_0_L1_INTERLEAVED,DEV_0_L1_INTERLEAVED,DEV_0_DRAM_INTERLEAVED,3000.0,46418.85393602939,43802
DEV_0_L1_INTERLEAVED,DEV_0_L1_INTERLEAVED,DEV_0_DRAM_INTERLEAVED,3000.0,46418.85393602939,46847
DEV_0_L1_INTERLEAVED,DEV_0_L1_INTERLEAVED,DEV_0_DRAM_INTERLEAVED,3000.0,46418.85393602939,45304
DEV_0_L1_INTERLEAVED,DEV_0_L1_INTERLEAVED,DEV_0_DRAM_INTERLEAVED,3000.0,46418.85393602939,45514
DEV_0_L1_INTERLEAVED,DEV_0_L1_INTERLEAVED,DEV_0_DRAM_INTERLEAVED,3000.0,46418.85393602939,45723
DEV_0_L1_INTERLEAVED,DEV_0_L1_INTERLEAVED,DEV_0_DRAM_INTERLEAVED,3000.0,46418.85393602939,45700
DEV_0_L1_INTERLEAVED,DEV_0_L1_INTERLEAVED,DEV_0_DRAM_INTERLEAVED,3000.0,46418.85393602939,46586
DEV_0_L1_INTERLEAVED,DEV_0_L1_INTERLEAVED,DEV_0_DRAM_INTERLEAVED,3000.0,46418.85393602939,43339
DEV_0_L1_INTERLEAVED,DEV_0_L1_INTERLEAVED,DEV_0_DRAM_INTERLEAVED,4000.0,61008.05970635114,62091
DEV_0_L1_INTERLEAVED,DEV_0_L1_INTERLEAVED,DEV_0_DRAM_INTERLEAVED,4000.0,61008.05970635114,62675
DEV_0_L1_INTERLEAVED,DEV_0_L1_INTERLEAVED,DEV_0_DRAM_INTERLEAVED,4000.0,61008.05970635114,62430
DEV_0_L1_INTERLEAVED,DEV_0_L1_INTERLEAVED,DEV_0_DRAM_INTERLEAVED,4000.0,61008.05970635114,61026
DEV_0_L1_INTERLEAVED,DEV_0_L1_INTERLEAVED,DEV_0_DRAM_INTERLEAVED,4000.0,61008.05970635114,62137
DEV_0_L1_INTERLEAVED,DEV_0_L1_INTERLEAVED,DEV_0_DRAM_INTERLEAVED,4000.0,61008.05970635114,62774
DEV_0_L1_INTERLEAVED,DEV_0_L1_INTERLEAVED,DEV_0_DRAM_INTERLEAVED,4000.0,61008.05970635114,60581
DEV_0_L1_INTERLEAVED,DEV_0_L1_INTERLEAVED,DEV_0_DRAM_INTERLEAVED,4000.0,61008.05970635114,60975
DEV_0_L1_INTERLEAVED,DEV_0_L1_INTERLEAVED,DEV_0_DRAM_INTERLEAVED,4000.0,61008.05970635114,61432
DEV_0_L1_INTERLEAVED,DEV_0_L1_INTERLEAVED,DEV_0_DRAM_INTERLEAVED,4000.0,61008.05970635114,62153
DEV_0_L1_INTERLEAVED,DEV_0_L1_INTERLEAVED,DEV_0_DRAM_INTERLEAVED,7000.0,104775.6770173164,104736
DEV_0_L1_INTERLEAVED,DEV_0_L1_INTERLEAVED,DEV_0_DRAM_INTERLEAVED,7000.0,104775.6770173164,104963
DEV_0_L1_INTERLEAVED,DEV_0_L1_INTERLEAVED,DEV_0_DRAM_INTERLEAVED,7000.0,104775.6770173164,104560
DEV_0_L1_INTERLEAVED,DEV_0_L1_INTERLEAVED,DEV_0_DRAM_INTERLEAVED,7000.0,104775.6770173164,109366
DEV_0_L1_INTERLEAVED,DEV_0_L1_INTERLEAVED,DEV_0_DRAM_INTERLEAVED,7000.0,104775.6770173164,107253
DEV_0_L1_INTERLEAVED,DEV_0_L1_INTERLEAVED,DEV_0_DRAM_INTERLEAVED,7000.0,104775.6770173164,105223
DEV_0_L1_INTERLEAVED,DEV_0_L1_INTERLEAVED,DEV_0_DRAM_INTERLEAVED,7000.0,104775.6770173164,104526
DEV_0_L1_INTERLEAVED,DEV_0_L1_INTERLEAVED,DEV_0_DRAM_INTERLEAVED,7000.0,104775.6770173164,105091
DEV_0_L1_INTERLEAVED,DEV_0_L1_INTERLEAVED,DEV_0_DRAM_INTERLEAVED,7000.0,104775.6770173164,108290
DEV_0_L1_INTERLEAVED,DEV_0_L1_INTERLEAVED,DEV_0_DRAM_INTERLEAVED,7000.0,104775.6770173164,108490
DEV_0_L1_INTERLEAVED,DEV_0_L1_INTERLEAVED,DEV_0_DRAM_INTERLEAVED,9000.0,133954.08855795988,127995
DEV_0_L1_INTERLEAVED,DEV_0_L1_INTERLEAVED,DEV_0_DRAM_INTERLEAVED,9000.0,133954.08855795988,132999
DEV_0_L1_INTERLEAVED,DEV_0_L1_INTERLEAVED,DEV_0_DRAM_INTERLEAVED,9000.0,133954.08855795988,133660
DEV_0_L1_INTERLEAVED,DEV_0_L1_INTERLEAVED,DEV_0_DRAM_INTERLEAVED,9000.0,133954.08855795988,133215
DEV_0_L1_INTERLEAVED,DEV_0_L1_INTERLEAVED,DEV_0_DRAM_INTERLEAVED,9000.0,133954.08855795988,131739
DEV_0_L1_INTERLEAVED,DEV_0_L1_INTERLEAVED,DEV_0_DRAM_INTERLEAVED,9000.0,133954.08855795988,132087
DEV_0_L1_INTERLEAVED,DEV_0_L1_INTERLEAVED,DEV_0_DRAM_INTERLEAVED,9000.0,133954.08855795988,134880
DEV_0_L1_INTERLEAVED,DEV_0_L1_INTERLEAVED,DEV_0_DRAM_INTERLEAVED,9000.0,133954.08855795988,129878
DEV_0_L1_INTERLEAVED,DEV_0_L1_INTERLEAVED,DEV_0_DRAM_INTERLEAVED,9000.0,133954.08855795988,131773
DEV_0_L1_INTERLEAVED,DEV_0_L1_INTERLEAVED,DEV_0_DRAM_INTERLEAVED,9000.0,133954.08855795988,132331
DEV_0_L1_INTERLEAVED,DEV_0_L1_INTERLEAVED,DEV_0_DRAM_INTERLEAVED,11000.0,163132.50009860337,160691
DEV_0_L1_INTERLEAVED,DEV_0_L1_INTERLEAVED,DEV_0_DRAM_INTERLEAVED,11000.0,163132.50009860337,160701
DEV_0_L1_INTERLEAVED,DEV_0_L1_INTERLEAVED,DEV_0_DRAM_INTERLEAVED,11000.0,163132.50009860337,162887
DEV_0_L1_INTERLEAVED,DEV_0_L1_INTERLEAVED,DEV_0_DRAM_INTERLEAVED,11000.0,163132.50009860337,161761
DEV_0_L1_INTERLEAVED,DEV_0_L1_INTERLEAVED,DEV_0_DRAM_INTERLEAVED,11000.0,163132.50009860337,169508
DEV_0_L1_INTERLEAVED,DEV_0_L1_INTERLEAVED,DEV_0_DRAM_INTERLEAVED,11000.0,163132.50009860337,169052
DEV_0_L1_INTERLEAVED,DEV_0_L1_INTERLEAVED,DEV_0_DRAM_INTERLEAVED,11000.0,163132.50009860337,161897
DEV_0_L1_INTERLEAVED,DEV_0_L1_INTERLEAVED,DEV_0_DRAM_INTERLEAVED,11000.0,163132.50009860337,163662
DEV_0_L1_INTERLEAVED,DEV_0_L1_INTERLEAVED,DEV_0_DRAM_INTERLEAVED,11000.0,163132.50009860337,166525
DEV_0_L1_INTERLEAVED,DEV_0_L1_INTERLEAVED,DEV_0_DRAM_INTERLEAVED,11000.0,163132.50009860337,159911
DEV_0_L1_INTERLEAVED,DEV_0_L1_INTERLEAVED,DEV_0_L1_INTERLEAVED,5.0,2805.241235998254,1764
DEV_0_L1_INTERLEAVED,DEV_0_L1_INTERLEAVED,DEV_0_L1_INTERLEAVED,5.0,2805.241235998254,1736
DEV_0_L1_INTERLEAVED,DEV_0_L1_INTERLEAVED,DEV_0_L1_INTERLEAVED,5.0,2805.241235998254,1739
DEV_0_L1_INTERLEAVED,DEV_0_L1_INTERLEAVED,DEV_0_L1_INTERLEAVED,5.0,2805.241235998254,1756
DEV_0_L1_INTERLEAVED,DEV_0_L1_INTERLEAVED,DEV_0_L1_INTERLEAVED,5.0,2805.241235998254,1758
DEV_0_L1_INTERLEAVED,DEV_0_L1_INTERLEAVED,DEV_0_L1_INTERLEAVED,5.0,2805.241235998254,1736
DEV_0_L1_INTERLEAVED,DEV_0_L1_INTERLEAVED,DEV_0_L1_INTERLEAVED,5.0,2805.241235998254,1754
DEV_0_L1_INTERLEAVED,DEV_0_L1_INTERLEAVED,DEV_0_L1_INTERLEAVED,5.0,2805.241235998254,1758
DEV_0_L1_INTERLEAVED,DEV_0_L1_INTERLEAVED,DEV_0_L1_INTERLEAVED,5.0,2805.241235998254,1757
DEV_0_L1_INTERLEAVED,DEV_0_L1_INTERLEAVED,DEV_0_L1_INTERLEAVED,5.0,2805.241235998254,1751
DEV_0_L1_INTERLEAVED,DEV_0_L1_INTERLEAVED,DEV_0_L1_INTERLEAVED,20.0,3008.643281359852,1988
DEV_0_L1_INTERLEAVED,DEV_0_L1_INTERLEAVED,DEV_0_L1_INTERLEAVED,20.0,3008.643281359852,1988
DEV_0_L1_INTERLEAVED,DEV_0_L1_INTERLEAVED,DEV_0_L1_INTERLEAVED,20.0,3008.643281359852,1961
DEV_0_L1_INTERLEAVED,DEV_0_L1_INTERLEAVED,DEV_0_L1_INTERLEAVED,20.0,3008.643281359852,1949
DEV_0_L1_INTERLEAVED,DEV_0_L1_INTERLEAVED,DEV_0_L1_INTERLEAVED,20.0,3008.643281359852,2000
DEV_0_L1_INTERLEAVED,DEV_0_L1_INTERLEAVED,DEV_0_L1_INTERLEAVED,20.0,3008.643281359852,1984
DEV_0_L1_INTERLEAVED,DEV_0_L1_INTERLEAVED,DEV_0_L1_INTERLEAVED,20.0,3008.643281359852,2036
DEV_0_L1_INTERLEAVED,DEV_0_L1_INTERLEAVED,DEV_0_L1_INTERLEAVED,20.0,3008.643281359852,1989
DEV_0_L1_INTERLEAVED,DEV_0_L1_INTERLEAVED,DEV_0_L1_INTERLEAVED,20.0,3008.643281359852,2000
DEV_0_L1_INTERLEAVED,DEV_0_L1_INTERLEAVED,DEV_0_L1_INTERLEAVED,20.0,3008.643281359852,1953
DEV_0_L1_INTERLEAVED,DEV_0_L1_INTERLEAVED,DEV_0_L1_INTERLEAVED,200.0,5449.467825699034,4650
DEV_0_L1_INTERLEAVED,DEV_0_L1_INTERLEAVED,DEV_0_L1_INTERLEAVED,200.0,5449.467825699034,4692
DEV_0_L1_INTERLEAVED,DEV_0_L1_INTERLEAVED,DEV_0_L1_INTERLEAVED,200.0,5449.467825699034,4622
DEV_0_L1_INTERLEAVED,DEV_0_L1_INTERLEAVED,DEV_0_L1_INTERLEAVED,200.0,5449.467825699034,4764
DEV_0_L1_INTERLEAVED,DEV_0_L1_INTERLEAVED,DEV_0_L1_INTERLEAVED,200.0,5449.467825699034,4815
DEV_0_L1_INTERLEAVED,DEV_0_L1_INTERLEAVED,DEV_0_L1_INTERLEAVED,200.0,5449.467825699034,4743
DEV_0_L1_INTERLEAVED,DEV_0_L1_INTERLEAVED,DEV_0_L1_INTERLEAVED,200.0,5449.467825699034,4570
DEV_0_L1_INTERLEAVED,DEV_0_L1_INTERLEAVED,DEV_0_L1_INTERLEAVED,200.0,5449.467825699034,4676
DEV_0_L1_INTERLEAVED,DEV_0_L1_INTERLEAVED,DEV_0_L1_INTERLEAVED,200.0,5449.467825699034,4699
DEV_0_L1_INTERLEAVED,DEV_0_L1_INTERLEAVED,DEV_0_L1_INTERLEAVED,200.0,5449.467825699034,4627
DEV_0_L1_INTERLEAVED,DEV_0_L1_INTERLEAVED,DEV_0_L1_INTERLEAVED,500.0,9517.508732931004,11502
DEV_0_L1_INTERLEAVED,DEV_0_L1_INTERLEAVED,DEV_0_L1_INTERLEAVED,500.0,9517.508732931004,11267
DEV_0_L1_INTERLEAVED,DEV_0_L1_INTERLEAVED,DEV_0_L1_INTERLEAVED,500.0,9517.508732931004,11004
DEV_0_L1_INTERLEAVED,DEV_0_L1_INTERLEAVED,DEV_0_L1_INTERLEAVED,500.0,9517.508732931004,10903
DEV_0_L1_INTERLEAVED,DEV_0_L1_INTERLEAVED,DEV_0_L1_INTERLEAVED,500.0,9517.508732931004,11432
DEV_0_L1_INTERLEAVED,DEV_0_L1_INTERLEAVED,DEV_0_L1_INTERLEAVED,500.0,9517.508732931004,11024
DEV_0_L1_INTERLEAVED,DEV_0_L1_INTERLEAVED,DEV_0_L1_INTERLEAVED,500.0,9517.508732931004,10931
DEV_0_L1_INTERLEAVED,DEV_0_L1_INTERLEAVED,DEV_0_L1_INTERLEAVED,500.0,9517.508732931004,10851
DEV_0_L1_INTERLEAVED,DEV_0_L1_INTERLEAVED,DEV_0_L1_INTERLEAVED,500.0,9517.508732931004,11005
DEV_0_L1_INTERLEAVED,DEV_0_L1_INTERLEAVED,DEV_0_L1_INTERLEAVED,500.0,9517.508732931004,10928
DEV_0_L1_INTERLEAVED,DEV_0_L1_INTERLEAVED,DEV_0_L1_INTERLEAVED,3000.0,43417.849626530755,43148
DEV_0_L1_INTERLEAVED,DEV_0_L1_INTERLEAVED,DEV_0_L1_INTERLEAVED,3000.0,43417.849626530755,43621
DEV_0_L1_INTERLEAVED,DEV_0_L1_INTERLEAVED,DEV_0_L1_INTERLEAVED,3000.0,43417.849626530755,43190
DEV_0_L1_INTERLEAVED,DEV_0_L1_INTERLEAVED,DEV_0_L1_INTERLEAVED,3000.0,43417.849626530755,43287
DEV_0_L1_INTERLEAVED,DEV_0_L1_INTERLEAVED,DEV_0_L1_INTERLEAVED,3000.0,43417.849626530755,42196
DEV_0_L1_INTERLEAVED,DEV_0_L1_INTERLEAVED,DEV_0_L1_INTERLEAVED,3000.0,43417.849626530755,42348
DEV_0_L1_INTERLEAVED,DEV_0_L1_INTERLEAVED,DEV_0_L1_INTERLEAVED,3000.0,43417.849626530755,43463
DEV_0_L1_INTERLEAVED,DEV_0_L1_INTERLEAVED,DEV_0_L1_INTERLEAVED,3000.0,43417.849626530755,42321
DEV_0_L1_INTERLEAVED,DEV_0_L1_INTERLEAVED,DEV_0_L1_INTERLEAVED,3000.0,43417.849626530755,42908
DEV_0_L1_INTERLEAVED,DEV_0_L1_INTERLEAVED,DEV_0_L1_INTERLEAVED,3000.0,43417.849626530755,42391
DEV_0_L1_INTERLEAVED,DEV_0_L1_INTERLEAVED,DEV_0_L1_INTERLEAVED,4000.0,56977.985983970655,60807
DEV_0_L1_INTERLEAVED,DEV_0_L1_INTERLEAVED,DEV_0_L1_INTERLEAVED,4000.0,56977.985983970655,60061
DEV_0_L1_INTERLEAVED,DEV_0_L1_INTERLEAVED,DEV_0_L1_INTERLEAVED,4000.0,56977.985983970655,60793
DEV_0_L1_INTERLEAVED,DEV_0_L1_INTERLEAVED,DEV_0_L1_INTERLEAVED,4000.0,56977.985983970655,59880
DEV_0_L1_INTERLEAVED,DEV_0_L1_INTERLEAVED,DEV_0_L1_INTERLEAVED,4000.0,56977.985983970655,60174
DEV_0_L1_INTERLEAVED,DEV_0_L1_INTERLEAVED,DEV_0_L1_INTERLEAVED,4000.0,56977.985983970655,60047
DEV_0_L1_INTERLEAVED,DEV_0_L1_INTERLEAVED,DEV_0_L1_INTERLEAVED,4000.0,56977.985983970655,61679
DEV_0_L1_INTERLEAVED,DEV_0_L1_INTERLEAVED,DEV_0_L1_INTERLEAVED,4000.0,56977.985983970655,61838
DEV_0_L1_INTERLEAVED,DEV_0_L1_INTERLEAVED,DEV_0_L1_INTERLEAVED,4000.0,56977.985983970655,59913
DEV_0_L1_INTERLEAVED,DEV_0_L1_INTERLEAVED,DEV_0_L1_INTERLEAVED,4000.0,56977.985983970655,60684
DEV_0_L1_INTERLEAVED,DEV_0_L1_INTERLEAVED,DEV_0_L1_INTERLEAVED,7000.0,97658.39505629035,97116
DEV_0_L1_INTERLEAVED,DEV_0_L1_INTERLEAVED,DEV_0_L1_INTERLEAVED,7000.0,97658.39505629035,98099
DEV_0_L1_INTERLEAVED,DEV_0_L1_INTERLEAVED,DEV_0_L1_INTERLEAVED,7000.0,97658.39505629035,96022
DEV_0_L1_INTERLEAVED,DEV_0_L1_INTERLEAVED,DEV_0_L1_INTERLEAVED,7000.0,97658.39505629035,96158
DEV_0_L1_INTERLEAVED,DEV_0_L1_INTERLEAVED,DEV_0_L1_INTERLEAVED,7000.0,97658.39505629035,96875
DEV_0_L1_INTERLEAVED,DEV_0_L1_INTERLEAVED,DEV_0_L1_INTERLEAVED,7000.0,97658.39505629035,95928
DEV_0_L1_INTERLEAVED,DEV_0_L1_INTERLEAVED,DEV_0_L1_INTERLEAVED,7000.0,97658.39505629035,95285
DEV_0_L1_INTERLEAVED,DEV_0_L1_INTERLEAVED,DEV_0_L1_INTERLEAVED,7000.0,97658.39505629035,97630
DEV_0_L1_INTERLEAVED,DEV_0_L1_INTERLEAVED,DEV_0_L1_INTERLEAVED,7000.0,97658.39505629035,97067
DEV_0_L1_INTERLEAVED,DEV_0_L1_INTERLEAVED,DEV_0_L1_INTERLEAVED,7000.0,97658.39505629035,96721
DEV_0_L1_INTERLEAVED,DEV_0_L1_INTERLEAVED,DEV_0_L1_INTERLEAVED,9000.0,124778.66777117015,124950
DEV_0_L1_INTERLEAVED,DEV_0_L1_INTERLEAVED,DEV_0_L1_INTERLEAVED,9000.0,124778.66777117015,123490
DEV_0_L1_INTERLEAVED,DEV_0_L1_INTERLEAVED,DEV_0_L1_INTERLEAVED,9000.0,124778.66777117015,122306
DEV_0_L1_INTERLEAVED,DEV_0_L1_INTERLEAVED,DEV_0_L1_INTERLEAVED,9000.0,124778.66777117015,123624
DEV_0_L1_INTERLEAVED,DEV_0_L1_INTERLEAVED,DEV_0_L1_INTERLEAVED,9000.0,124778.66777117015,122663
DEV_0_L1_INTERLEAVED,DEV_0_L1_INTERLEAVED,DEV_0_L1_INTERLEAVED,9000.0,124778.66777117015,123622
DEV_0_L1_INTERLEAVED,DEV_0_L1_INTERLEAVED,DEV_0_L1_INTERLEAVED,9000.0,124778.66777117015,121533
DEV_0_L1_INTERLEAVED,DEV_0_L1_INTERLEAVED,DEV_0_L1_INTERLEAVED,9000.0,124778.66777117015,123846
DEV_0_L1_INTERLEAVED,DEV_0_L1_INTERLEAVED,DEV_0_L1_INTERLEAVED,9000.0,124778.66777117015,125419
DEV_0_L1_INTERLEAVED,DEV_0_L1_INTERLEAVED,DEV_0_L1_INTERLEAVED,9000.0,124778.66777117015,123717
DEV_0_L1_INTERLEAVED,DEV_0_L1_INTERLEAVED,DEV_0_L1_INTERLEAVED,11000.0,151898.94048604995,152372
DEV_0_L1_INTERLEAVED,DEV_0_L1_INTERLEAVED,DEV_0_L1_INTERLEAVED,11000.0,151898.94048604995,152337
DEV_0_L1_INTERLEAVED,DEV_0_L1_INTERLEAVED,DEV_0_L1_INTERLEAVED,11000.0,151898.94048604995,152747
DEV_0_L1_INTERLEAVED,DEV_0_L1_INTERLEAVED,DEV_0_L1_INTERLEAVED,11000.0,151898.94048604995,150888
DEV_0_L1_INTERLEAVED,DEV_0_L1_INTERLEAVED,DEV_0_L1_INTERLEAVED,11000.0,151898.94048604995,152530
DEV_0_L1_INTERLEAVED,DEV_0_L1_INTERLEAVED,DEV_0_L1_INTERLEAVED,11000.0,151898.94048604995,151181
DEV_0_L1_INTERLEAVED,DEV_0_L1_INTERLEAVED,DEV_0_L1_INTERLEAVED,11000.0,151898.94048604995,154397
DEV_0_L1_INTERLEAVED,DEV_0_L1_INTERLEAVED,DEV_0_L1_INTERLEAVED,11000.0,151898.94048604995,153036
DEV_0_L1_INTERLEAVED,DEV_0_L1_INTERLEAVED,DEV_0_L1_INTERLEAVED,11000.0,151898.94048604995,153175
DEV_0_L1_INTERLEAVED,DEV_0_L1_INTERLEAVED,DEV_0_L1_INTERLEAVED,11000.0,151898.94048604995,150582
