Input Memory,Output Memory,Input Datatype,Num Tiles,Actual Duration [ns],Estimated Duration [ns]
L1_HEIGHT_SHARDED,L1_HEIGHT_SHARDED,BFLOAT16,1,772,851.4599202154944
L1_HEIGHT_SHARDED,L1_HEIGHT_SHARDED,BFLOAT16,1,768,851.4599202154944
L1_HEIGHT_SHARDED,L1_HEIGHT_SHARDED,BFLOAT16,1,761,851.4599202154944
L1_HEIGHT_SHARDED,L1_HEIGHT_SHARDED,BFLOAT16,1,773,851.4599202154944
L1_HEIGHT_SHARDED,L1_HEIGHT_SHARDED,BFLOAT16,1,770,851.4599202154944
L1_HEIGHT_SHARDED,L1_HEIGHT_SHARDED,BFLOAT16,1,766,851.4599202154944
L1_HEIGHT_SHARDED,L1_HEIGHT_SHARDED,BFLOAT16,1,763,851.4599202154944
L1_HEIGHT_SHARDED,L1_HEIGHT_SHARDED,BFLOAT16,1,765,851.4599202154944
L1_HEIGHT_SHARDED,L1_HEIGHT_SHARDED,BFLOAT16,1,776,851.4599202154944
L1_HEIGHT_SHARDED,L1_HEIGHT_SHARDED,BFLOAT16,1,765,851.4599202154944
L1_HEIGHT_SHARDED,L1_HEIGHT_SHARDED,BFLOAT16,16,5623,5703.954550104002
L1_HEIGHT_SHARDED,L1_HEIGHT_SHARDED,BFLOAT16,4,1823,1821.9588461931958
L1_HEIGHT_SHARDED,L1_HEIGHT_SHARDED,BFLOAT16,16,5624,5703.954550104002
L1_HEIGHT_SHARDED,L1_HEIGHT_SHARDED,BFLOAT16,4,1769,1821.9588461931958
L1_HEIGHT_SHARDED,L1_HEIGHT_SHARDED,BFLOAT16,16,5618,5703.954550104002
L1_HEIGHT_SHARDED,L1_HEIGHT_SHARDED,BFLOAT16,4,1775,1821.9588461931958
L1_HEIGHT_SHARDED,L1_HEIGHT_SHARDED,BFLOAT16,16,5617,5703.954550104002
L1_HEIGHT_SHARDED,L1_HEIGHT_SHARDED,BFLOAT16,4,1766,1821.9588461931958
L1_HEIGHT_SHARDED,L1_HEIGHT_SHARDED,BFLOAT16,16,5618,5703.954550104002
L1_HEIGHT_SHARDED,L1_HEIGHT_SHARDED,BFLOAT16,4,1765,1821.9588461931958
L1_HEIGHT_SHARDED,L1_HEIGHT_SHARDED,BFLOAT16,16,5627,5703.954550104002
L1_HEIGHT_SHARDED,L1_HEIGHT_SHARDED,BFLOAT16,4,1781,1821.9588461931958
L1_HEIGHT_SHARDED,L1_HEIGHT_SHARDED,BFLOAT16,16,5618,5703.954550104002
L1_HEIGHT_SHARDED,L1_HEIGHT_SHARDED,BFLOAT16,4,1778,1821.9588461931958
L1_HEIGHT_SHARDED,L1_HEIGHT_SHARDED,BFLOAT16,16,5629,5703.954550104002
L1_HEIGHT_SHARDED,L1_HEIGHT_SHARDED,BFLOAT16,4,1775,1821.9588461931958
L1_HEIGHT_SHARDED,L1_HEIGHT_SHARDED,BFLOAT16,16,5622,5703.954550104002
L1_HEIGHT_SHARDED,L1_HEIGHT_SHARDED,BFLOAT16,4,1766,1821.9588461931958
L1_HEIGHT_SHARDED,L1_HEIGHT_SHARDED,BFLOAT16,16,5635,5703.954550104002
L1_HEIGHT_SHARDED,L1_HEIGHT_SHARDED,BFLOAT16,4,1765,1821.9588461931958
L1_HEIGHT_SHARDED,L1_HEIGHT_SHARDED,BFLOAT16,64,21143,21231.937365747224
L1_HEIGHT_SHARDED,L1_HEIGHT_SHARDED,BFLOAT16,16,5711,5703.954550104002
L1_HEIGHT_SHARDED,L1_HEIGHT_SHARDED,BFLOAT16,8,3137,3115.9574141634644
L1_HEIGHT_SHARDED,L1_HEIGHT_SHARDED,BFLOAT16,64,21147,21231.937365747224
L1_HEIGHT_SHARDED,L1_HEIGHT_SHARDED,BFLOAT16,16,5659,5703.954550104002
L1_HEIGHT_SHARDED,L1_HEIGHT_SHARDED,BFLOAT16,8,3124,3115.9574141634644
L1_HEIGHT_SHARDED,L1_HEIGHT_SHARDED,BFLOAT16,64,21151,21231.937365747224
L1_HEIGHT_SHARDED,L1_HEIGHT_SHARDED,BFLOAT16,16,5646,5703.954550104002
L1_HEIGHT_SHARDED,L1_HEIGHT_SHARDED,BFLOAT16,8,3118,3115.9574141634644
L1_HEIGHT_SHARDED,L1_HEIGHT_SHARDED,BFLOAT16,64,21142,21231.937365747224
L1_HEIGHT_SHARDED,L1_HEIGHT_SHARDED,BFLOAT16,16,5656,5703.954550104002
L1_HEIGHT_SHARDED,L1_HEIGHT_SHARDED,BFLOAT16,8,3125,3115.9574141634644
L1_HEIGHT_SHARDED,L1_HEIGHT_SHARDED,BFLOAT16,64,21146,21231.937365747224
L1_HEIGHT_SHARDED,L1_HEIGHT_SHARDED,BFLOAT16,16,5641,5703.954550104002
L1_HEIGHT_SHARDED,L1_HEIGHT_SHARDED,BFLOAT16,8,3113,3115.9574141634644
L1_HEIGHT_SHARDED,L1_HEIGHT_SHARDED,BFLOAT16,64,21150,21231.937365747224
L1_HEIGHT_SHARDED,L1_HEIGHT_SHARDED,BFLOAT16,16,5654,5703.954550104002
L1_HEIGHT_SHARDED,L1_HEIGHT_SHARDED,BFLOAT16,8,3115,3115.9574141634644
L1_HEIGHT_SHARDED,L1_HEIGHT_SHARDED,BFLOAT16,64,21154,21231.937365747224
L1_HEIGHT_SHARDED,L1_HEIGHT_SHARDED,BFLOAT16,16,5655,5703.954550104002
L1_HEIGHT_SHARDED,L1_HEIGHT_SHARDED,BFLOAT16,8,3109,3115.9574141634644
L1_HEIGHT_SHARDED,L1_HEIGHT_SHARDED,BFLOAT16,64,21152,21231.937365747224
L1_HEIGHT_SHARDED,L1_HEIGHT_SHARDED,BFLOAT16,16,5650,5703.954550104002
L1_HEIGHT_SHARDED,L1_HEIGHT_SHARDED,BFLOAT16,8,3129,3115.9574141634644
L1_HEIGHT_SHARDED,L1_HEIGHT_SHARDED,BFLOAT16,64,21140,21231.937365747224
L1_HEIGHT_SHARDED,L1_HEIGHT_SHARDED,BFLOAT16,16,5656,5703.954550104002
L1_HEIGHT_SHARDED,L1_HEIGHT_SHARDED,BFLOAT16,8,3119,3115.9574141634644
L1_HEIGHT_SHARDED,L1_HEIGHT_SHARDED,BFLOAT16,64,21153,21231.937365747224
L1_HEIGHT_SHARDED,L1_HEIGHT_SHARDED,BFLOAT16,16,5643,5703.954550104002
L1_HEIGHT_SHARDED,L1_HEIGHT_SHARDED,BFLOAT16,8,3126,3115.9574141634644
L1_HEIGHT_SHARDED,L1_HEIGHT_SHARDED,BFLOAT16,256,83263,83343.86862832012
L1_HEIGHT_SHARDED,L1_HEIGHT_SHARDED,BFLOAT16,128,41931,41935.91445327152
L1_HEIGHT_SHARDED,L1_HEIGHT_SHARDED,BFLOAT16,32,11036,10879.948821985075
L1_HEIGHT_SHARDED,L1_HEIGHT_SHARDED,BFLOAT16,256,83259,83343.86862832012
L1_HEIGHT_SHARDED,L1_HEIGHT_SHARDED,BFLOAT16,128,41919,41935.91445327152
L1_HEIGHT_SHARDED,L1_HEIGHT_SHARDED,BFLOAT16,32,10965,10879.948821985075
L1_HEIGHT_SHARDED,L1_HEIGHT_SHARDED,BFLOAT16,256,83265,83343.86862832012
L1_HEIGHT_SHARDED,L1_HEIGHT_SHARDED,BFLOAT16,128,41924,41935.91445327152
L1_HEIGHT_SHARDED,L1_HEIGHT_SHARDED,BFLOAT16,32,10963,10879.948821985075
L1_HEIGHT_SHARDED,L1_HEIGHT_SHARDED,BFLOAT16,256,83271,83343.86862832012
L1_HEIGHT_SHARDED,L1_HEIGHT_SHARDED,BFLOAT16,128,41927,41935.91445327152
L1_HEIGHT_SHARDED,L1_HEIGHT_SHARDED,BFLOAT16,32,10957,10879.948821985075
L1_HEIGHT_SHARDED,L1_HEIGHT_SHARDED,BFLOAT16,256,83264,83343.86862832012
L1_HEIGHT_SHARDED,L1_HEIGHT_SHARDED,BFLOAT16,128,41931,41935.91445327152
L1_HEIGHT_SHARDED,L1_HEIGHT_SHARDED,BFLOAT16,32,10954,10879.948821985075
L1_HEIGHT_SHARDED,L1_HEIGHT_SHARDED,BFLOAT16,256,83260,83343.86862832012
L1_HEIGHT_SHARDED,L1_HEIGHT_SHARDED,BFLOAT16,128,41919,41935.91445327152
L1_HEIGHT_SHARDED,L1_HEIGHT_SHARDED,BFLOAT16,32,10950,10879.948821985075
L1_HEIGHT_SHARDED,L1_HEIGHT_SHARDED,BFLOAT16,256,83269,83343.86862832012
L1_HEIGHT_SHARDED,L1_HEIGHT_SHARDED,BFLOAT16,128,41926,41935.91445327152
L1_HEIGHT_SHARDED,L1_HEIGHT_SHARDED,BFLOAT16,32,10968,10879.948821985075
L1_HEIGHT_SHARDED,L1_HEIGHT_SHARDED,BFLOAT16,256,83272,83343.86862832012
L1_HEIGHT_SHARDED,L1_HEIGHT_SHARDED,BFLOAT16,128,41924,41935.91445327152
L1_HEIGHT_SHARDED,L1_HEIGHT_SHARDED,BFLOAT16,32,10964,10879.948821985075
L1_HEIGHT_SHARDED,L1_HEIGHT_SHARDED,BFLOAT16,256,83266,83343.86862832012
L1_HEIGHT_SHARDED,L1_HEIGHT_SHARDED,BFLOAT16,128,41920,41935.91445327152
L1_HEIGHT_SHARDED,L1_HEIGHT_SHARDED,BFLOAT16,32,10966,10879.948821985075
L1_HEIGHT_SHARDED,L1_HEIGHT_SHARDED,BFLOAT16,256,83267,83343.86862832012
L1_HEIGHT_SHARDED,L1_HEIGHT_SHARDED,BFLOAT16,128,41926,41935.91445327152
L1_HEIGHT_SHARDED,L1_HEIGHT_SHARDED,BFLOAT16,32,10952,10879.948821985075
L1_HEIGHT_SHARDED,L1_HEIGHT_SHARDED,BFLOAT16,128,42002,41935.91445327152
L1_HEIGHT_SHARDED,L1_HEIGHT_SHARDED,BFLOAT16,64,21388,21231.937365747224
L1_HEIGHT_SHARDED,L1_HEIGHT_SHARDED,BFLOAT16,128,41998,41935.91445327152
L1_HEIGHT_SHARDED,L1_HEIGHT_SHARDED,BFLOAT16,64,21307,21231.937365747224
L1_HEIGHT_SHARDED,L1_HEIGHT_SHARDED,BFLOAT16,128,42007,41935.91445327152
L1_HEIGHT_SHARDED,L1_HEIGHT_SHARDED,BFLOAT16,64,21325,21231.937365747224
L1_HEIGHT_SHARDED,L1_HEIGHT_SHARDED,BFLOAT16,128,42016,41935.91445327152
L1_HEIGHT_SHARDED,L1_HEIGHT_SHARDED,BFLOAT16,64,21299,21231.937365747224
L1_HEIGHT_SHARDED,L1_HEIGHT_SHARDED,BFLOAT16,128,42015,41935.91445327152
L1_HEIGHT_SHARDED,L1_HEIGHT_SHARDED,BFLOAT16,64,21330,21231.937365747224
L1_HEIGHT_SHARDED,L1_HEIGHT_SHARDED,BFLOAT16,128,41994,41935.91445327152
L1_HEIGHT_SHARDED,L1_HEIGHT_SHARDED,BFLOAT16,64,21303,21231.937365747224
L1_HEIGHT_SHARDED,L1_HEIGHT_SHARDED,BFLOAT16,128,42012,41935.91445327152
L1_HEIGHT_SHARDED,L1_HEIGHT_SHARDED,BFLOAT16,64,21308,21231.937365747224
L1_HEIGHT_SHARDED,L1_HEIGHT_SHARDED,BFLOAT16,128,42006,41935.91445327152
L1_HEIGHT_SHARDED,L1_HEIGHT_SHARDED,BFLOAT16,64,21308,21231.937365747224
L1_HEIGHT_SHARDED,L1_HEIGHT_SHARDED,BFLOAT16,128,42010,41935.91445327152
L1_HEIGHT_SHARDED,L1_HEIGHT_SHARDED,BFLOAT16,64,21318,21231.937365747224
L1_HEIGHT_SHARDED,L1_HEIGHT_SHARDED,BFLOAT16,128,42018,41935.91445327152
L1_HEIGHT_SHARDED,L1_HEIGHT_SHARDED,BFLOAT16,64,21304,21231.937365747224
L1_WIDTH_SHARDED,L1_WIDTH_SHARDED,BFLOAT16,1,772,851.1729278188934
L1_WIDTH_SHARDED,L1_WIDTH_SHARDED,BFLOAT16,1,763,851.1729278188934
L1_WIDTH_SHARDED,L1_WIDTH_SHARDED,BFLOAT16,1,773,851.1729278188934
L1_WIDTH_SHARDED,L1_WIDTH_SHARDED,BFLOAT16,1,773,851.1729278188934
L1_WIDTH_SHARDED,L1_WIDTH_SHARDED,BFLOAT16,1,769,851.1729278188934
L1_WIDTH_SHARDED,L1_WIDTH_SHARDED,BFLOAT16,1,763,851.1729278188934
L1_WIDTH_SHARDED,L1_WIDTH_SHARDED,BFLOAT16,1,771,851.1729278188934
L1_WIDTH_SHARDED,L1_WIDTH_SHARDED,BFLOAT16,1,757,851.1729278188934
L1_WIDTH_SHARDED,L1_WIDTH_SHARDED,BFLOAT16,1,764,851.1729278188934
L1_WIDTH_SHARDED,L1_WIDTH_SHARDED,BFLOAT16,1,770,851.1729278188934
L1_WIDTH_SHARDED,L1_WIDTH_SHARDED,BFLOAT16,16,5622,5702.65845408982
L1_WIDTH_SHARDED,L1_WIDTH_SHARDED,BFLOAT16,4,1843,1821.4700330730789
L1_WIDTH_SHARDED,L1_WIDTH_SHARDED,BFLOAT16,16,5626,5702.65845408982
L1_WIDTH_SHARDED,L1_WIDTH_SHARDED,BFLOAT16,4,1769,1821.4700330730789
L1_WIDTH_SHARDED,L1_WIDTH_SHARDED,BFLOAT16,16,5626,5702.65845408982
L1_WIDTH_SHARDED,L1_WIDTH_SHARDED,BFLOAT16,4,1771,1821.4700330730789
L1_WIDTH_SHARDED,L1_WIDTH_SHARDED,BFLOAT16,16,5629,5702.65845408982
L1_WIDTH_SHARDED,L1_WIDTH_SHARDED,BFLOAT16,4,1758,1821.4700330730789
L1_WIDTH_SHARDED,L1_WIDTH_SHARDED,BFLOAT16,16,5617,5702.65845408982
L1_WIDTH_SHARDED,L1_WIDTH_SHARDED,BFLOAT16,4,1763,1821.4700330730789
L1_WIDTH_SHARDED,L1_WIDTH_SHARDED,BFLOAT16,16,5630,5702.65845408982
L1_WIDTH_SHARDED,L1_WIDTH_SHARDED,BFLOAT16,4,1775,1821.4700330730789
L1_WIDTH_SHARDED,L1_WIDTH_SHARDED,BFLOAT16,16,5630,5702.65845408982
L1_WIDTH_SHARDED,L1_WIDTH_SHARDED,BFLOAT16,4,1765,1821.4700330730789
L1_WIDTH_SHARDED,L1_WIDTH_SHARDED,BFLOAT16,16,5627,5702.65845408982
L1_WIDTH_SHARDED,L1_WIDTH_SHARDED,BFLOAT16,4,1784,1821.4700330730789
L1_WIDTH_SHARDED,L1_WIDTH_SHARDED,BFLOAT16,16,5626,5702.65845408982
L1_WIDTH_SHARDED,L1_WIDTH_SHARDED,BFLOAT16,4,1764,1821.4700330730789
L1_WIDTH_SHARDED,L1_WIDTH_SHARDED,BFLOAT16,16,5625,5702.65845408982
L1_WIDTH_SHARDED,L1_WIDTH_SHARDED,BFLOAT16,4,1768,1821.4700330730789
L1_WIDTH_SHARDED,L1_WIDTH_SHARDED,BFLOAT16,64,21147,21227.412138156786
L1_WIDTH_SHARDED,L1_WIDTH_SHARDED,BFLOAT16,16,5710,5702.65845408982
L1_WIDTH_SHARDED,L1_WIDTH_SHARDED,BFLOAT16,8,3139,3115.199506745326
L1_WIDTH_SHARDED,L1_WIDTH_SHARDED,BFLOAT16,64,21148,21227.412138156786
L1_WIDTH_SHARDED,L1_WIDTH_SHARDED,BFLOAT16,16,5655,5702.65845408982
L1_WIDTH_SHARDED,L1_WIDTH_SHARDED,BFLOAT16,8,3104,3115.199506745326
L1_WIDTH_SHARDED,L1_WIDTH_SHARDED,BFLOAT16,64,21148,21227.412138156786
L1_WIDTH_SHARDED,L1_WIDTH_SHARDED,BFLOAT16,16,5645,5702.65845408982
L1_WIDTH_SHARDED,L1_WIDTH_SHARDED,BFLOAT16,8,3130,3115.199506745326
L1_WIDTH_SHARDED,L1_WIDTH_SHARDED,BFLOAT16,64,21153,21227.412138156786
L1_WIDTH_SHARDED,L1_WIDTH_SHARDED,BFLOAT16,16,5678,5702.65845408982
L1_WIDTH_SHARDED,L1_WIDTH_SHARDED,BFLOAT16,8,3126,3115.199506745326
L1_WIDTH_SHARDED,L1_WIDTH_SHARDED,BFLOAT16,64,21148,21227.412138156786
L1_WIDTH_SHARDED,L1_WIDTH_SHARDED,BFLOAT16,16,5656,5702.65845408982
L1_WIDTH_SHARDED,L1_WIDTH_SHARDED,BFLOAT16,8,3127,3115.199506745326
L1_WIDTH_SHARDED,L1_WIDTH_SHARDED,BFLOAT16,64,21142,21227.412138156786
L1_WIDTH_SHARDED,L1_WIDTH_SHARDED,BFLOAT16,16,5649,5702.65845408982
L1_WIDTH_SHARDED,L1_WIDTH_SHARDED,BFLOAT16,8,3118,3115.199506745326
L1_WIDTH_SHARDED,L1_WIDTH_SHARDED,BFLOAT16,64,21154,21227.412138156786
L1_WIDTH_SHARDED,L1_WIDTH_SHARDED,BFLOAT16,16,5653,5702.65845408982
L1_WIDTH_SHARDED,L1_WIDTH_SHARDED,BFLOAT16,8,3113,3115.199506745326
L1_WIDTH_SHARDED,L1_WIDTH_SHARDED,BFLOAT16,64,21146,21227.412138156786
L1_WIDTH_SHARDED,L1_WIDTH_SHARDED,BFLOAT16,16,5648,5702.65845408982
L1_WIDTH_SHARDED,L1_WIDTH_SHARDED,BFLOAT16,8,3115,3115.199506745326
L1_WIDTH_SHARDED,L1_WIDTH_SHARDED,BFLOAT16,64,21153,21227.412138156786
L1_WIDTH_SHARDED,L1_WIDTH_SHARDED,BFLOAT16,16,5644,5702.65845408982
L1_WIDTH_SHARDED,L1_WIDTH_SHARDED,BFLOAT16,8,3114,3115.199506745326
L1_WIDTH_SHARDED,L1_WIDTH_SHARDED,BFLOAT16,64,21145,21227.412138156786
L1_WIDTH_SHARDED,L1_WIDTH_SHARDED,BFLOAT16,16,5656,5702.65845408982
L1_WIDTH_SHARDED,L1_WIDTH_SHARDED,BFLOAT16,8,3110,3115.199506745326
L1_WIDTH_SHARDED,L1_WIDTH_SHARDED,BFLOAT16,256,83269,83326.42687442465
L1_WIDTH_SHARDED,L1_WIDTH_SHARDED,BFLOAT16,128,41931,41927.08371691274
L1_WIDTH_SHARDED,L1_WIDTH_SHARDED,BFLOAT16,32,11049,10877.57634877881
L1_WIDTH_SHARDED,L1_WIDTH_SHARDED,BFLOAT16,256,83280,83326.42687442465
L1_WIDTH_SHARDED,L1_WIDTH_SHARDED,BFLOAT16,128,41922,41927.08371691274
L1_WIDTH_SHARDED,L1_WIDTH_SHARDED,BFLOAT16,32,10978,10877.57634877881
L1_WIDTH_SHARDED,L1_WIDTH_SHARDED,BFLOAT16,256,83264,83326.42687442465
L1_WIDTH_SHARDED,L1_WIDTH_SHARDED,BFLOAT16,128,41921,41927.08371691274
L1_WIDTH_SHARDED,L1_WIDTH_SHARDED,BFLOAT16,32,10958,10877.57634877881
L1_WIDTH_SHARDED,L1_WIDTH_SHARDED,BFLOAT16,256,83278,83326.42687442465
L1_WIDTH_SHARDED,L1_WIDTH_SHARDED,BFLOAT16,128,41916,41927.08371691274
L1_WIDTH_SHARDED,L1_WIDTH_SHARDED,BFLOAT16,32,10975,10877.57634877881
L1_WIDTH_SHARDED,L1_WIDTH_SHARDED,BFLOAT16,256,83263,83326.42687442465
L1_WIDTH_SHARDED,L1_WIDTH_SHARDED,BFLOAT16,128,41918,41927.08371691274
L1_WIDTH_SHARDED,L1_WIDTH_SHARDED,BFLOAT16,32,10947,10877.57634877881
L1_WIDTH_SHARDED,L1_WIDTH_SHARDED,BFLOAT16,256,83258,83326.42687442465
L1_WIDTH_SHARDED,L1_WIDTH_SHARDED,BFLOAT16,128,41943,41927.08371691274
L1_WIDTH_SHARDED,L1_WIDTH_SHARDED,BFLOAT16,32,10949,10877.57634877881
L1_WIDTH_SHARDED,L1_WIDTH_SHARDED,BFLOAT16,256,83271,83326.42687442465
L1_WIDTH_SHARDED,L1_WIDTH_SHARDED,BFLOAT16,128,41932,41927.08371691274
L1_WIDTH_SHARDED,L1_WIDTH_SHARDED,BFLOAT16,32,10964,10877.57634877881
L1_WIDTH_SHARDED,L1_WIDTH_SHARDED,BFLOAT16,256,83263,83326.42687442465
L1_WIDTH_SHARDED,L1_WIDTH_SHARDED,BFLOAT16,128,41918,41927.08371691274
L1_WIDTH_SHARDED,L1_WIDTH_SHARDED,BFLOAT16,32,10964,10877.57634877881
L1_WIDTH_SHARDED,L1_WIDTH_SHARDED,BFLOAT16,256,83272,83326.42687442465
L1_WIDTH_SHARDED,L1_WIDTH_SHARDED,BFLOAT16,128,41930,41927.08371691274
L1_WIDTH_SHARDED,L1_WIDTH_SHARDED,BFLOAT16,32,10964,10877.57634877881
L1_WIDTH_SHARDED,L1_WIDTH_SHARDED,BFLOAT16,256,83259,83326.42687442465
L1_WIDTH_SHARDED,L1_WIDTH_SHARDED,BFLOAT16,128,41922,41927.08371691274
L1_WIDTH_SHARDED,L1_WIDTH_SHARDED,BFLOAT16,32,10970,10877.57634877881
L1_WIDTH_SHARDED,L1_WIDTH_SHARDED,BFLOAT16,128,42010,41927.08371691274
L1_WIDTH_SHARDED,L1_WIDTH_SHARDED,BFLOAT16,64,21372,21227.412138156786
L1_WIDTH_SHARDED,L1_WIDTH_SHARDED,BFLOAT16,128,42008,41927.08371691274
L1_WIDTH_SHARDED,L1_WIDTH_SHARDED,BFLOAT16,64,21311,21227.412138156786
L1_WIDTH_SHARDED,L1_WIDTH_SHARDED,BFLOAT16,128,42005,41927.08371691274
L1_WIDTH_SHARDED,L1_WIDTH_SHARDED,BFLOAT16,64,21305,21227.412138156786
L1_WIDTH_SHARDED,L1_WIDTH_SHARDED,BFLOAT16,128,41997,41927.08371691274
L1_WIDTH_SHARDED,L1_WIDTH_SHARDED,BFLOAT16,64,21310,21227.412138156786
L1_WIDTH_SHARDED,L1_WIDTH_SHARDED,BFLOAT16,128,42004,41927.08371691274
L1_WIDTH_SHARDED,L1_WIDTH_SHARDED,BFLOAT16,64,21313,21227.412138156786
L1_WIDTH_SHARDED,L1_WIDTH_SHARDED,BFLOAT16,128,42007,41927.08371691274
L1_WIDTH_SHARDED,L1_WIDTH_SHARDED,BFLOAT16,64,21305,21227.412138156786
L1_WIDTH_SHARDED,L1_WIDTH_SHARDED,BFLOAT16,128,42015,41927.08371691274
L1_WIDTH_SHARDED,L1_WIDTH_SHARDED,BFLOAT16,64,21312,21227.412138156786
L1_WIDTH_SHARDED,L1_WIDTH_SHARDED,BFLOAT16,128,42017,41927.08371691274
L1_WIDTH_SHARDED,L1_WIDTH_SHARDED,BFLOAT16,64,21314,21227.412138156786
L1_WIDTH_SHARDED,L1_WIDTH_SHARDED,BFLOAT16,128,42002,41927.08371691274
L1_WIDTH_SHARDED,L1_WIDTH_SHARDED,BFLOAT16,64,21324,21227.412138156786
L1_WIDTH_SHARDED,L1_WIDTH_SHARDED,BFLOAT16,128,42007,41927.08371691274
L1_WIDTH_SHARDED,L1_WIDTH_SHARDED,BFLOAT16,64,21315,21227.412138156786
L1_BLOCK_SHARDED,L1_BLOCK_SHARDED,BFLOAT16,1,772,899.2836735781758
L1_BLOCK_SHARDED,L1_BLOCK_SHARDED,BFLOAT16,1,762,899.2836735781758
L1_BLOCK_SHARDED,L1_BLOCK_SHARDED,BFLOAT16,1,777,899.2836735781758
L1_BLOCK_SHARDED,L1_BLOCK_SHARDED,BFLOAT16,1,770,899.2836735781758
L1_BLOCK_SHARDED,L1_BLOCK_SHARDED,BFLOAT16,1,763,899.2836735781758
L1_BLOCK_SHARDED,L1_BLOCK_SHARDED,BFLOAT16,1,770,899.2836735781758
L1_BLOCK_SHARDED,L1_BLOCK_SHARDED,BFLOAT16,1,783,899.2836735781758
L1_BLOCK_SHARDED,L1_BLOCK_SHARDED,BFLOAT16,1,772,899.2836735781758
L1_BLOCK_SHARDED,L1_BLOCK_SHARDED,BFLOAT16,1,770,899.2836735781758
L1_BLOCK_SHARDED,L1_BLOCK_SHARDED,BFLOAT16,1,775,899.2836735781758
L1_BLOCK_SHARDED,L1_BLOCK_SHARDED,BFLOAT16,16,5622,5749.735275305163
L1_BLOCK_SHARDED,L1_BLOCK_SHARDED,BFLOAT16,4,1824,1869.3739939235732
L1_BLOCK_SHARDED,L1_BLOCK_SHARDED,BFLOAT16,4,1912,1869.3739939235732
L1_BLOCK_SHARDED,L1_BLOCK_SHARDED,BFLOAT16,1,932,899.2836735781758
L1_BLOCK_SHARDED,L1_BLOCK_SHARDED,BFLOAT16,16,5625,5749.735275305163
L1_BLOCK_SHARDED,L1_BLOCK_SHARDED,BFLOAT16,4,1778,1869.3739939235732
L1_BLOCK_SHARDED,L1_BLOCK_SHARDED,BFLOAT16,4,1823,1869.3739939235732
L1_BLOCK_SHARDED,L1_BLOCK_SHARDED,BFLOAT16,1,869,899.2836735781758
L1_BLOCK_SHARDED,L1_BLOCK_SHARDED,BFLOAT16,16,5625,5749.735275305163
L1_BLOCK_SHARDED,L1_BLOCK_SHARDED,BFLOAT16,4,1773,1869.3739939235732
L1_BLOCK_SHARDED,L1_BLOCK_SHARDED,BFLOAT16,4,1816,1869.3739939235732
L1_BLOCK_SHARDED,L1_BLOCK_SHARDED,BFLOAT16,1,867,899.2836735781758
L1_BLOCK_SHARDED,L1_BLOCK_SHARDED,BFLOAT16,16,5619,5749.735275305163
L1_BLOCK_SHARDED,L1_BLOCK_SHARDED,BFLOAT16,4,1770,1869.3739939235732
L1_BLOCK_SHARDED,L1_BLOCK_SHARDED,BFLOAT16,4,1816,1869.3739939235732
L1_BLOCK_SHARDED,L1_BLOCK_SHARDED,BFLOAT16,1,877,899.2836735781758
L1_BLOCK_SHARDED,L1_BLOCK_SHARDED,BFLOAT16,16,5616,5749.735275305163
L1_BLOCK_SHARDED,L1_BLOCK_SHARDED,BFLOAT16,4,1769,1869.3739939235732
L1_BLOCK_SHARDED,L1_BLOCK_SHARDED,BFLOAT16,4,1805,1869.3739939235732
L1_BLOCK_SHARDED,L1_BLOCK_SHARDED,BFLOAT16,1,867,899.2836735781758
L1_BLOCK_SHARDED,L1_BLOCK_SHARDED,BFLOAT16,16,5623,5749.735275305163
L1_BLOCK_SHARDED,L1_BLOCK_SHARDED,BFLOAT16,4,1767,1869.3739939235732
L1_BLOCK_SHARDED,L1_BLOCK_SHARDED,BFLOAT16,4,1804,1869.3739939235732
L1_BLOCK_SHARDED,L1_BLOCK_SHARDED,BFLOAT16,1,873,899.2836735781758
L1_BLOCK_SHARDED,L1_BLOCK_SHARDED,BFLOAT16,16,5618,5749.735275305163
L1_BLOCK_SHARDED,L1_BLOCK_SHARDED,BFLOAT16,4,1774,1869.3739939235732
L1_BLOCK_SHARDED,L1_BLOCK_SHARDED,BFLOAT16,4,1799,1869.3739939235732
L1_BLOCK_SHARDED,L1_BLOCK_SHARDED,BFLOAT16,1,876,899.2836735781758
L1_BLOCK_SHARDED,L1_BLOCK_SHARDED,BFLOAT16,16,5618,5749.735275305163
L1_BLOCK_SHARDED,L1_BLOCK_SHARDED,BFLOAT16,4,1768,1869.3739939235732
L1_BLOCK_SHARDED,L1_BLOCK_SHARDED,BFLOAT16,4,1830,1869.3739939235732
L1_BLOCK_SHARDED,L1_BLOCK_SHARDED,BFLOAT16,1,877,899.2836735781758
L1_BLOCK_SHARDED,L1_BLOCK_SHARDED,BFLOAT16,16,5620,5749.735275305163
L1_BLOCK_SHARDED,L1_BLOCK_SHARDED,BFLOAT16,4,1783,1869.3739939235732
L1_BLOCK_SHARDED,L1_BLOCK_SHARDED,BFLOAT16,4,1825,1869.3739939235732
L1_BLOCK_SHARDED,L1_BLOCK_SHARDED,BFLOAT16,1,865,899.2836735781758
L1_BLOCK_SHARDED,L1_BLOCK_SHARDED,BFLOAT16,16,5623,5749.735275305163
L1_BLOCK_SHARDED,L1_BLOCK_SHARDED,BFLOAT16,4,1777,1869.3739939235732
L1_BLOCK_SHARDED,L1_BLOCK_SHARDED,BFLOAT16,4,1826,1869.3739939235732
L1_BLOCK_SHARDED,L1_BLOCK_SHARDED,BFLOAT16,1,880,899.2836735781758
L1_BLOCK_SHARDED,L1_BLOCK_SHARDED,BFLOAT16,64,21147,21271.18040083152
L1_BLOCK_SHARDED,L1_BLOCK_SHARDED,BFLOAT16,16,5710,5749.735275305163
L1_BLOCK_SHARDED,L1_BLOCK_SHARDED,BFLOAT16,8,3134,3162.827754384103
L1_BLOCK_SHARDED,L1_BLOCK_SHARDED,BFLOAT16,16,5788,5749.735275305163
L1_BLOCK_SHARDED,L1_BLOCK_SHARDED,BFLOAT16,4,1920,1869.3739939235732
L1_BLOCK_SHARDED,L1_BLOCK_SHARDED,BFLOAT16,2,1305,1222.6471136933083
L1_BLOCK_SHARDED,L1_BLOCK_SHARDED,BFLOAT16,8,3175,3162.827754384103
L1_BLOCK_SHARDED,L1_BLOCK_SHARDED,BFLOAT16,2,1279,1222.6471136933083
L1_BLOCK_SHARDED,L1_BLOCK_SHARDED,BFLOAT16,1,978,899.2836735781758
L1_BLOCK_SHARDED,L1_BLOCK_SHARDED,BFLOAT16,64,21156,21271.18040083152
L1_BLOCK_SHARDED,L1_BLOCK_SHARDED,BFLOAT16,16,5663,5749.735275305163
L1_BLOCK_SHARDED,L1_BLOCK_SHARDED,BFLOAT16,8,3116,3162.827754384103
L1_BLOCK_SHARDED,L1_BLOCK_SHARDED,BFLOAT16,16,5705,5749.735275305163
L1_BLOCK_SHARDED,L1_BLOCK_SHARDED,BFLOAT16,4,1850,1869.3739939235732
L1_BLOCK_SHARDED,L1_BLOCK_SHARDED,BFLOAT16,2,1275,1222.6471136933083
L1_BLOCK_SHARDED,L1_BLOCK_SHARDED,BFLOAT16,8,3110,3162.827754384103
L1_BLOCK_SHARDED,L1_BLOCK_SHARDED,BFLOAT16,2,1216,1222.6471136933083
L1_BLOCK_SHARDED,L1_BLOCK_SHARDED,BFLOAT16,1,927,899.2836735781758
L1_BLOCK_SHARDED,L1_BLOCK_SHARDED,BFLOAT16,64,21144,21271.18040083152
L1_BLOCK_SHARDED,L1_BLOCK_SHARDED,BFLOAT16,16,5658,5749.735275305163
L1_BLOCK_SHARDED,L1_BLOCK_SHARDED,BFLOAT16,8,3113,3162.827754384103
L1_BLOCK_SHARDED,L1_BLOCK_SHARDED,BFLOAT16,16,5702,5749.735275305163
L1_BLOCK_SHARDED,L1_BLOCK_SHARDED,BFLOAT16,4,1854,1869.3739939235732
L1_BLOCK_SHARDED,L1_BLOCK_SHARDED,BFLOAT16,2,1250,1222.6471136933083
L1_BLOCK_SHARDED,L1_BLOCK_SHARDED,BFLOAT16,8,3106,3162.827754384103
L1_BLOCK_SHARDED,L1_BLOCK_SHARDED,BFLOAT16,2,1205,1222.6471136933083
L1_BLOCK_SHARDED,L1_BLOCK_SHARDED,BFLOAT16,1,939,899.2836735781758
L1_BLOCK_SHARDED,L1_BLOCK_SHARDED,BFLOAT16,64,21138,21271.18040083152
L1_BLOCK_SHARDED,L1_BLOCK_SHARDED,BFLOAT16,16,5663,5749.735275305163
L1_BLOCK_SHARDED,L1_BLOCK_SHARDED,BFLOAT16,8,3111,3162.827754384103
L1_BLOCK_SHARDED,L1_BLOCK_SHARDED,BFLOAT16,16,5697,5749.735275305163
L1_BLOCK_SHARDED,L1_BLOCK_SHARDED,BFLOAT16,4,1846,1869.3739939235732
L1_BLOCK_SHARDED,L1_BLOCK_SHARDED,BFLOAT16,2,1257,1222.6471136933083
L1_BLOCK_SHARDED,L1_BLOCK_SHARDED,BFLOAT16,8,3105,3162.827754384103
L1_BLOCK_SHARDED,L1_BLOCK_SHARDED,BFLOAT16,2,1216,1222.6471136933083
L1_BLOCK_SHARDED,L1_BLOCK_SHARDED,BFLOAT16,1,932,899.2836735781758
L1_BLOCK_SHARDED,L1_BLOCK_SHARDED,BFLOAT16,64,21146,21271.18040083152
L1_BLOCK_SHARDED,L1_BLOCK_SHARDED,BFLOAT16,16,5655,5749.735275305163
L1_BLOCK_SHARDED,L1_BLOCK_SHARDED,BFLOAT16,8,3111,3162.827754384103
L1_BLOCK_SHARDED,L1_BLOCK_SHARDED,BFLOAT16,16,5698,5749.735275305163
L1_BLOCK_SHARDED,L1_BLOCK_SHARDED,BFLOAT16,4,1844,1869.3739939235732
L1_BLOCK_SHARDED,L1_BLOCK_SHARDED,BFLOAT16,2,1253,1222.6471136933083
L1_BLOCK_SHARDED,L1_BLOCK_SHARDED,BFLOAT16,8,3111,3162.827754384103
L1_BLOCK_SHARDED,L1_BLOCK_SHARDED,BFLOAT16,2,1214,1222.6471136933083
L1_BLOCK_SHARDED,L1_BLOCK_SHARDED,BFLOAT16,1,933,899.2836735781758
L1_BLOCK_SHARDED,L1_BLOCK_SHARDED,BFLOAT16,64,21141,21271.18040083152
L1_BLOCK_SHARDED,L1_BLOCK_SHARDED,BFLOAT16,16,5642,5749.735275305163
L1_BLOCK_SHARDED,L1_BLOCK_SHARDED,BFLOAT16,8,3120,3162.827754384103
L1_BLOCK_SHARDED,L1_BLOCK_SHARDED,BFLOAT16,16,5688,5749.735275305163
L1_BLOCK_SHARDED,L1_BLOCK_SHARDED,BFLOAT16,4,1845,1869.3739939235732
L1_BLOCK_SHARDED,L1_BLOCK_SHARDED,BFLOAT16,2,1257,1222.6471136933083
L1_BLOCK_SHARDED,L1_BLOCK_SHARDED,BFLOAT16,8,3111,3162.827754384103
L1_BLOCK_SHARDED,L1_BLOCK_SHARDED,BFLOAT16,2,1215,1222.6471136933083
L1_BLOCK_SHARDED,L1_BLOCK_SHARDED,BFLOAT16,1,943,899.2836735781758
L1_BLOCK_SHARDED,L1_BLOCK_SHARDED,BFLOAT16,64,21147,21271.18040083152
L1_BLOCK_SHARDED,L1_BLOCK_SHARDED,BFLOAT16,16,5656,5749.735275305163
L1_BLOCK_SHARDED,L1_BLOCK_SHARDED,BFLOAT16,8,3117,3162.827754384103
L1_BLOCK_SHARDED,L1_BLOCK_SHARDED,BFLOAT16,16,5698,5749.735275305163
L1_BLOCK_SHARDED,L1_BLOCK_SHARDED,BFLOAT16,4,1858,1869.3739939235732
L1_BLOCK_SHARDED,L1_BLOCK_SHARDED,BFLOAT16,2,1261,1222.6471136933083
L1_BLOCK_SHARDED,L1_BLOCK_SHARDED,BFLOAT16,8,3115,3162.827754384103
L1_BLOCK_SHARDED,L1_BLOCK_SHARDED,BFLOAT16,2,1196,1222.6471136933083
L1_BLOCK_SHARDED,L1_BLOCK_SHARDED,BFLOAT16,1,931,899.2836735781758
L1_BLOCK_SHARDED,L1_BLOCK_SHARDED,BFLOAT16,64,21146,21271.18040083152
L1_BLOCK_SHARDED,L1_BLOCK_SHARDED,BFLOAT16,16,5644,5749.735275305163
L1_BLOCK_SHARDED,L1_BLOCK_SHARDED,BFLOAT16,8,3117,3162.827754384103
L1_BLOCK_SHARDED,L1_BLOCK_SHARDED,BFLOAT16,16,5712,5749.735275305163
L1_BLOCK_SHARDED,L1_BLOCK_SHARDED,BFLOAT16,4,1844,1869.3739939235732
L1_BLOCK_SHARDED,L1_BLOCK_SHARDED,BFLOAT16,2,1270,1222.6471136933083
L1_BLOCK_SHARDED,L1_BLOCK_SHARDED,BFLOAT16,8,3108,3162.827754384103
L1_BLOCK_SHARDED,L1_BLOCK_SHARDED,BFLOAT16,2,1201,1222.6471136933083
L1_BLOCK_SHARDED,L1_BLOCK_SHARDED,BFLOAT16,1,930,899.2836735781758
L1_BLOCK_SHARDED,L1_BLOCK_SHARDED,BFLOAT16,64,21152,21271.18040083152
L1_BLOCK_SHARDED,L1_BLOCK_SHARDED,BFLOAT16,16,5641,5749.735275305163
L1_BLOCK_SHARDED,L1_BLOCK_SHARDED,BFLOAT16,8,3125,3162.827754384103
L1_BLOCK_SHARDED,L1_BLOCK_SHARDED,BFLOAT16,16,5698,5749.735275305163
L1_BLOCK_SHARDED,L1_BLOCK_SHARDED,BFLOAT16,4,1852,1869.3739939235732
L1_BLOCK_SHARDED,L1_BLOCK_SHARDED,BFLOAT16,2,1250,1222.6471136933083
L1_BLOCK_SHARDED,L1_BLOCK_SHARDED,BFLOAT16,8,3108,3162.827754384103
L1_BLOCK_SHARDED,L1_BLOCK_SHARDED,BFLOAT16,2,1210,1222.6471136933083
L1_BLOCK_SHARDED,L1_BLOCK_SHARDED,BFLOAT16,1,915,899.2836735781758
L1_BLOCK_SHARDED,L1_BLOCK_SHARDED,BFLOAT16,64,21152,21271.18040083152
L1_BLOCK_SHARDED,L1_BLOCK_SHARDED,BFLOAT16,16,5645,5749.735275305163
L1_BLOCK_SHARDED,L1_BLOCK_SHARDED,BFLOAT16,8,3119,3162.827754384103
L1_BLOCK_SHARDED,L1_BLOCK_SHARDED,BFLOAT16,16,5714,5749.735275305163
L1_BLOCK_SHARDED,L1_BLOCK_SHARDED,BFLOAT16,4,1863,1869.3739939235732
L1_BLOCK_SHARDED,L1_BLOCK_SHARDED,BFLOAT16,2,1256,1222.6471136933083
L1_BLOCK_SHARDED,L1_BLOCK_SHARDED,BFLOAT16,8,3112,3162.827754384103
L1_BLOCK_SHARDED,L1_BLOCK_SHARDED,BFLOAT16,2,1200,1222.6471136933083
L1_BLOCK_SHARDED,L1_BLOCK_SHARDED,BFLOAT16,1,932,899.2836735781758
L1_BLOCK_SHARDED,L1_BLOCK_SHARDED,BFLOAT16,256,83269,83356.96090293695
L1_BLOCK_SHARDED,L1_BLOCK_SHARDED,BFLOAT16,128,41926,41966.4405682
L1_BLOCK_SHARDED,L1_BLOCK_SHARDED,BFLOAT16,256,83381,83356.96090293695
L1_BLOCK_SHARDED,L1_BLOCK_SHARDED,BFLOAT16,64,21350,21271.18040083152
L1_BLOCK_SHARDED,L1_BLOCK_SHARDED,BFLOAT16,32,10997,10923.550317147281
L1_BLOCK_SHARDED,L1_BLOCK_SHARDED,BFLOAT16,128,41986,41966.4405682
L1_BLOCK_SHARDED,L1_BLOCK_SHARDED,BFLOAT16,32,10978,10923.550317147281
L1_BLOCK_SHARDED,L1_BLOCK_SHARDED,BFLOAT16,16,5823,5749.735275305163
L1_BLOCK_SHARDED,L1_BLOCK_SHARDED,BFLOAT16,256,83265,83356.96090293695
L1_BLOCK_SHARDED,L1_BLOCK_SHARDED,BFLOAT16,128,41924,41966.4405682
L1_BLOCK_SHARDED,L1_BLOCK_SHARDED,BFLOAT16,256,83311,83356.96090293695
L1_BLOCK_SHARDED,L1_BLOCK_SHARDED,BFLOAT16,64,21252,21271.18040083152
L1_BLOCK_SHARDED,L1_BLOCK_SHARDED,BFLOAT16,32,10958,10923.550317147281
L1_BLOCK_SHARDED,L1_BLOCK_SHARDED,BFLOAT16,128,41915,41966.4405682
L1_BLOCK_SHARDED,L1_BLOCK_SHARDED,BFLOAT16,32,10906,10923.550317147281
L1_BLOCK_SHARDED,L1_BLOCK_SHARDED,BFLOAT16,16,5791,5749.735275305163
L1_BLOCK_SHARDED,L1_BLOCK_SHARDED,BFLOAT16,256,83274,83356.96090293695
L1_BLOCK_SHARDED,L1_BLOCK_SHARDED,BFLOAT16,128,41926,41966.4405682
L1_BLOCK_SHARDED,L1_BLOCK_SHARDED,BFLOAT16,256,83322,83356.96090293695
L1_BLOCK_SHARDED,L1_BLOCK_SHARDED,BFLOAT16,64,21254,21271.18040083152
L1_BLOCK_SHARDED,L1_BLOCK_SHARDED,BFLOAT16,32,10961,10923.550317147281
L1_BLOCK_SHARDED,L1_BLOCK_SHARDED,BFLOAT16,128,41925,41966.4405682
L1_BLOCK_SHARDED,L1_BLOCK_SHARDED,BFLOAT16,32,10919,10923.550317147281
L1_BLOCK_SHARDED,L1_BLOCK_SHARDED,BFLOAT16,16,5786,5749.735275305163
L1_BLOCK_SHARDED,L1_BLOCK_SHARDED,BFLOAT16,256,83262,83356.96090293695
L1_BLOCK_SHARDED,L1_BLOCK_SHARDED,BFLOAT16,128,41925,41966.4405682
L1_BLOCK_SHARDED,L1_BLOCK_SHARDED,BFLOAT16,256,83314,83356.96090293695
L1_BLOCK_SHARDED,L1_BLOCK_SHARDED,BFLOAT16,64,21260,21271.18040083152
L1_BLOCK_SHARDED,L1_BLOCK_SHARDED,BFLOAT16,32,10952,10923.550317147281
L1_BLOCK_SHARDED,L1_BLOCK_SHARDED,BFLOAT16,128,41922,41966.4405682
L1_BLOCK_SHARDED,L1_BLOCK_SHARDED,BFLOAT16,32,10909,10923.550317147281
L1_BLOCK_SHARDED,L1_BLOCK_SHARDED,BFLOAT16,16,5776,5749.735275305163
L1_BLOCK_SHARDED,L1_BLOCK_SHARDED,BFLOAT16,256,83269,83356.96090293695
L1_BLOCK_SHARDED,L1_BLOCK_SHARDED,BFLOAT16,128,41937,41966.4405682
L1_BLOCK_SHARDED,L1_BLOCK_SHARDED,BFLOAT16,256,83315,83356.96090293695
L1_BLOCK_SHARDED,L1_BLOCK_SHARDED,BFLOAT16,64,21252,21271.18040083152
L1_BLOCK_SHARDED,L1_BLOCK_SHARDED,BFLOAT16,32,10950,10923.550317147281
L1_BLOCK_SHARDED,L1_BLOCK_SHARDED,BFLOAT16,128,41915,41966.4405682
L1_BLOCK_SHARDED,L1_BLOCK_SHARDED,BFLOAT16,32,10904,10923.550317147281
L1_BLOCK_SHARDED,L1_BLOCK_SHARDED,BFLOAT16,16,5786,5749.735275305163
L1_BLOCK_SHARDED,L1_BLOCK_SHARDED,BFLOAT16,256,83272,83356.96090293695
L1_BLOCK_SHARDED,L1_BLOCK_SHARDED,BFLOAT16,128,41924,41966.4405682
L1_BLOCK_SHARDED,L1_BLOCK_SHARDED,BFLOAT16,256,83318,83356.96090293695
L1_BLOCK_SHARDED,L1_BLOCK_SHARDED,BFLOAT16,64,21261,21271.18040083152
L1_BLOCK_SHARDED,L1_BLOCK_SHARDED,BFLOAT16,32,10959,10923.550317147281
L1_BLOCK_SHARDED,L1_BLOCK_SHARDED,BFLOAT16,128,41913,41966.4405682
L1_BLOCK_SHARDED,L1_BLOCK_SHARDED,BFLOAT16,32,10897,10923.550317147281
L1_BLOCK_SHARDED,L1_BLOCK_SHARDED,BFLOAT16,16,5782,5749.735275305163
L1_BLOCK_SHARDED,L1_BLOCK_SHARDED,BFLOAT16,256,83261,83356.96090293695
L1_BLOCK_SHARDED,L1_BLOCK_SHARDED,BFLOAT16,128,41923,41966.4405682
L1_BLOCK_SHARDED,L1_BLOCK_SHARDED,BFLOAT16,256,83318,83356.96090293695
L1_BLOCK_SHARDED,L1_BLOCK_SHARDED,BFLOAT16,64,21243,21271.18040083152
L1_BLOCK_SHARDED,L1_BLOCK_SHARDED,BFLOAT16,32,10967,10923.550317147281
L1_BLOCK_SHARDED,L1_BLOCK_SHARDED,BFLOAT16,128,41921,41966.4405682
L1_BLOCK_SHARDED,L1_BLOCK_SHARDED,BFLOAT16,32,10910,10923.550317147281
L1_BLOCK_SHARDED,L1_BLOCK_SHARDED,BFLOAT16,16,5776,5749.735275305163
L1_BLOCK_SHARDED,L1_BLOCK_SHARDED,BFLOAT16,256,83272,83356.96090293695
L1_BLOCK_SHARDED,L1_BLOCK_SHARDED,BFLOAT16,128,41940,41966.4405682
L1_BLOCK_SHARDED,L1_BLOCK_SHARDED,BFLOAT16,256,83319,83356.96090293695
L1_BLOCK_SHARDED,L1_BLOCK_SHARDED,BFLOAT16,64,21257,21271.18040083152
L1_BLOCK_SHARDED,L1_BLOCK_SHARDED,BFLOAT16,32,10954,10923.550317147281
L1_BLOCK_SHARDED,L1_BLOCK_SHARDED,BFLOAT16,128,41910,41966.4405682
L1_BLOCK_SHARDED,L1_BLOCK_SHARDED,BFLOAT16,32,10917,10923.550317147281
L1_BLOCK_SHARDED,L1_BLOCK_SHARDED,BFLOAT16,16,5784,5749.735275305163
L1_BLOCK_SHARDED,L1_BLOCK_SHARDED,BFLOAT16,256,83250,83356.96090293695
L1_BLOCK_SHARDED,L1_BLOCK_SHARDED,BFLOAT16,128,41923,41966.4405682
L1_BLOCK_SHARDED,L1_BLOCK_SHARDED,BFLOAT16,256,83310,83356.96090293695
L1_BLOCK_SHARDED,L1_BLOCK_SHARDED,BFLOAT16,64,21256,21271.18040083152
L1_BLOCK_SHARDED,L1_BLOCK_SHARDED,BFLOAT16,32,10950,10923.550317147281
L1_BLOCK_SHARDED,L1_BLOCK_SHARDED,BFLOAT16,128,41908,41966.4405682
L1_BLOCK_SHARDED,L1_BLOCK_SHARDED,BFLOAT16,32,10912,10923.550317147281
L1_BLOCK_SHARDED,L1_BLOCK_SHARDED,BFLOAT16,16,5775,5749.735275305163
L1_BLOCK_SHARDED,L1_BLOCK_SHARDED,BFLOAT16,256,83265,83356.96090293695
L1_BLOCK_SHARDED,L1_BLOCK_SHARDED,BFLOAT16,128,41933,41966.4405682
L1_BLOCK_SHARDED,L1_BLOCK_SHARDED,BFLOAT16,256,83303,83356.96090293695
L1_BLOCK_SHARDED,L1_BLOCK_SHARDED,BFLOAT16,64,21262,21271.18040083152
L1_BLOCK_SHARDED,L1_BLOCK_SHARDED,BFLOAT16,32,10953,10923.550317147281
L1_BLOCK_SHARDED,L1_BLOCK_SHARDED,BFLOAT16,128,41903,41966.4405682
L1_BLOCK_SHARDED,L1_BLOCK_SHARDED,BFLOAT16,32,10899,10923.550317147281
L1_BLOCK_SHARDED,L1_BLOCK_SHARDED,BFLOAT16,16,5785,5749.735275305163
L1_BLOCK_SHARDED,L1_BLOCK_SHARDED,BFLOAT16,256,83352,83356.96090293695
L1_BLOCK_SHARDED,L1_BLOCK_SHARDED,BFLOAT16,128,42015,41966.4405682
L1_BLOCK_SHARDED,L1_BLOCK_SHARDED,BFLOAT16,128,42030,41966.4405682
L1_BLOCK_SHARDED,L1_BLOCK_SHARDED,BFLOAT16,64,21346,21271.18040083152
L1_BLOCK_SHARDED,L1_BLOCK_SHARDED,BFLOAT16,256,83348,83356.96090293695
L1_BLOCK_SHARDED,L1_BLOCK_SHARDED,BFLOAT16,128,41998,41966.4405682
L1_BLOCK_SHARDED,L1_BLOCK_SHARDED,BFLOAT16,128,41966,41966.4405682
L1_BLOCK_SHARDED,L1_BLOCK_SHARDED,BFLOAT16,64,21304,21271.18040083152
L1_BLOCK_SHARDED,L1_BLOCK_SHARDED,BFLOAT16,256,83343,83356.96090293695
L1_BLOCK_SHARDED,L1_BLOCK_SHARDED,BFLOAT16,128,42001,41966.4405682
L1_BLOCK_SHARDED,L1_BLOCK_SHARDED,BFLOAT16,128,41947,41966.4405682
L1_BLOCK_SHARDED,L1_BLOCK_SHARDED,BFLOAT16,64,21307,21271.18040083152
L1_BLOCK_SHARDED,L1_BLOCK_SHARDED,BFLOAT16,256,83344,83356.96090293695
L1_BLOCK_SHARDED,L1_BLOCK_SHARDED,BFLOAT16,128,42000,41966.4405682
L1_BLOCK_SHARDED,L1_BLOCK_SHARDED,BFLOAT16,128,41964,41966.4405682
L1_BLOCK_SHARDED,L1_BLOCK_SHARDED,BFLOAT16,64,21297,21271.18040083152
L1_BLOCK_SHARDED,L1_BLOCK_SHARDED,BFLOAT16,256,83348,83356.96090293695
L1_BLOCK_SHARDED,L1_BLOCK_SHARDED,BFLOAT16,128,42013,41966.4405682
L1_BLOCK_SHARDED,L1_BLOCK_SHARDED,BFLOAT16,128,41949,41966.4405682
L1_BLOCK_SHARDED,L1_BLOCK_SHARDED,BFLOAT16,64,21303,21271.18040083152
L1_BLOCK_SHARDED,L1_BLOCK_SHARDED,BFLOAT16,256,83350,83356.96090293695
L1_BLOCK_SHARDED,L1_BLOCK_SHARDED,BFLOAT16,128,41989,41966.4405682
L1_BLOCK_SHARDED,L1_BLOCK_SHARDED,BFLOAT16,128,41948,41966.4405682
L1_BLOCK_SHARDED,L1_BLOCK_SHARDED,BFLOAT16,64,21313,21271.18040083152
L1_BLOCK_SHARDED,L1_BLOCK_SHARDED,BFLOAT16,256,83343,83356.96090293695
L1_BLOCK_SHARDED,L1_BLOCK_SHARDED,BFLOAT16,128,42006,41966.4405682
L1_BLOCK_SHARDED,L1_BLOCK_SHARDED,BFLOAT16,128,41958,41966.4405682
L1_BLOCK_SHARDED,L1_BLOCK_SHARDED,BFLOAT16,64,21298,21271.18040083152
L1_BLOCK_SHARDED,L1_BLOCK_SHARDED,BFLOAT16,256,83339,83356.96090293695
L1_BLOCK_SHARDED,L1_BLOCK_SHARDED,BFLOAT16,128,42010,41966.4405682
L1_BLOCK_SHARDED,L1_BLOCK_SHARDED,BFLOAT16,128,41959,41966.4405682
L1_BLOCK_SHARDED,L1_BLOCK_SHARDED,BFLOAT16,64,21296,21271.18040083152
L1_BLOCK_SHARDED,L1_BLOCK_SHARDED,BFLOAT16,256,83353,83356.96090293695
L1_BLOCK_SHARDED,L1_BLOCK_SHARDED,BFLOAT16,128,42023,41966.4405682
L1_BLOCK_SHARDED,L1_BLOCK_SHARDED,BFLOAT16,128,41952,41966.4405682
L1_BLOCK_SHARDED,L1_BLOCK_SHARDED,BFLOAT16,64,21295,21271.18040083152
L1_BLOCK_SHARDED,L1_BLOCK_SHARDED,BFLOAT16,256,83348,83356.96090293695
L1_BLOCK_SHARDED,L1_BLOCK_SHARDED,BFLOAT16,128,42010,41966.4405682
L1_BLOCK_SHARDED,L1_BLOCK_SHARDED,BFLOAT16,128,41950,41966.4405682
L1_BLOCK_SHARDED,L1_BLOCK_SHARDED,BFLOAT16,64,21295,21271.18040083152
L1_HEIGHT_SHARDED,L1_HEIGHT_SHARDED,BFLOAT8_B,1,752,835.7239051219887
L1_HEIGHT_SHARDED,L1_HEIGHT_SHARDED,BFLOAT8_B,1,754,835.7239051219887
L1_HEIGHT_SHARDED,L1_HEIGHT_SHARDED,BFLOAT8_B,1,749,835.7239051219887
L1_HEIGHT_SHARDED,L1_HEIGHT_SHARDED,BFLOAT8_B,1,754,835.7239051219887
L1_HEIGHT_SHARDED,L1_HEIGHT_SHARDED,BFLOAT8_B,1,749,835.7239051219887
L1_HEIGHT_SHARDED,L1_HEIGHT_SHARDED,BFLOAT8_B,1,750,835.7239051219887
L1_HEIGHT_SHARDED,L1_HEIGHT_SHARDED,BFLOAT8_B,1,749,835.7239051219887
L1_HEIGHT_SHARDED,L1_HEIGHT_SHARDED,BFLOAT8_B,1,752,835.7239051219887
L1_HEIGHT_SHARDED,L1_HEIGHT_SHARDED,BFLOAT8_B,1,750,835.7239051219887
L1_HEIGHT_SHARDED,L1_HEIGHT_SHARDED,BFLOAT8_B,1,749,835.7239051219887
L1_HEIGHT_SHARDED,L1_HEIGHT_SHARDED,BFLOAT8_B,16,5487,5561.131289320145
L1_HEIGHT_SHARDED,L1_HEIGHT_SHARDED,BFLOAT8_B,4,1786,1780.8053819616198
L1_HEIGHT_SHARDED,L1_HEIGHT_SHARDED,BFLOAT8_B,16,5483,5561.131289320145
L1_HEIGHT_SHARDED,L1_HEIGHT_SHARDED,BFLOAT8_B,4,1723,1780.8053819616198
L1_HEIGHT_SHARDED,L1_HEIGHT_SHARDED,BFLOAT8_B,16,5482,5561.131289320145
L1_HEIGHT_SHARDED,L1_HEIGHT_SHARDED,BFLOAT8_B,4,1726,1780.8053819616198
L1_HEIGHT_SHARDED,L1_HEIGHT_SHARDED,BFLOAT8_B,16,5480,5561.131289320145
L1_HEIGHT_SHARDED,L1_HEIGHT_SHARDED,BFLOAT8_B,4,1737,1780.8053819616198
L1_HEIGHT_SHARDED,L1_HEIGHT_SHARDED,BFLOAT8_B,16,5484,5561.131289320145
L1_HEIGHT_SHARDED,L1_HEIGHT_SHARDED,BFLOAT8_B,4,1728,1780.8053819616198
L1_HEIGHT_SHARDED,L1_HEIGHT_SHARDED,BFLOAT8_B,16,5490,5561.131289320145
L1_HEIGHT_SHARDED,L1_HEIGHT_SHARDED,BFLOAT8_B,4,1737,1780.8053819616198
L1_HEIGHT_SHARDED,L1_HEIGHT_SHARDED,BFLOAT8_B,16,5491,5561.131289320145
L1_HEIGHT_SHARDED,L1_HEIGHT_SHARDED,BFLOAT8_B,4,1729,1780.8053819616198
L1_HEIGHT_SHARDED,L1_HEIGHT_SHARDED,BFLOAT8_B,16,5483,5561.131289320145
L1_HEIGHT_SHARDED,L1_HEIGHT_SHARDED,BFLOAT8_B,4,1734,1780.8053819616198
L1_HEIGHT_SHARDED,L1_HEIGHT_SHARDED,BFLOAT8_B,16,5485,5561.131289320145
L1_HEIGHT_SHARDED,L1_HEIGHT_SHARDED,BFLOAT8_B,4,1725,1780.8053819616198
L1_HEIGHT_SHARDED,L1_HEIGHT_SHARDED,BFLOAT8_B,16,5481,5561.131289320145
L1_HEIGHT_SHARDED,L1_HEIGHT_SHARDED,BFLOAT8_B,4,1728,1780.8053819616198
L1_HEIGHT_SHARDED,L1_HEIGHT_SHARDED,BFLOAT8_B,64,20607,20682.434918754247
L1_HEIGHT_SHARDED,L1_HEIGHT_SHARDED,BFLOAT8_B,16,5567,5561.131289320145
L1_HEIGHT_SHARDED,L1_HEIGHT_SHARDED,BFLOAT8_B,8,3066,3040.914017747795
L1_HEIGHT_SHARDED,L1_HEIGHT_SHARDED,BFLOAT8_B,64,20597,20682.434918754247
L1_HEIGHT_SHARDED,L1_HEIGHT_SHARDED,BFLOAT8_B,16,5515,5561.131289320145
L1_HEIGHT_SHARDED,L1_HEIGHT_SHARDED,BFLOAT8_B,8,3038,3040.914017747795
L1_HEIGHT_SHARDED,L1_HEIGHT_SHARDED,BFLOAT8_B,64,20604,20682.434918754247
L1_HEIGHT_SHARDED,L1_HEIGHT_SHARDED,BFLOAT8_B,16,5517,5561.131289320145
L1_HEIGHT_SHARDED,L1_HEIGHT_SHARDED,BFLOAT8_B,8,3034,3040.914017747795
L1_HEIGHT_SHARDED,L1_HEIGHT_SHARDED,BFLOAT8_B,64,20603,20682.434918754247
L1_HEIGHT_SHARDED,L1_HEIGHT_SHARDED,BFLOAT8_B,16,5511,5561.131289320145
L1_HEIGHT_SHARDED,L1_HEIGHT_SHARDED,BFLOAT8_B,8,3038,3040.914017747795
L1_HEIGHT_SHARDED,L1_HEIGHT_SHARDED,BFLOAT8_B,64,20608,20682.434918754247
L1_HEIGHT_SHARDED,L1_HEIGHT_SHARDED,BFLOAT8_B,16,5509,5561.131289320145
L1_HEIGHT_SHARDED,L1_HEIGHT_SHARDED,BFLOAT8_B,8,3037,3040.914017747795
L1_HEIGHT_SHARDED,L1_HEIGHT_SHARDED,BFLOAT8_B,64,20605,20682.434918754247
L1_HEIGHT_SHARDED,L1_HEIGHT_SHARDED,BFLOAT8_B,16,5514,5561.131289320145
L1_HEIGHT_SHARDED,L1_HEIGHT_SHARDED,BFLOAT8_B,8,3045,3040.914017747795
L1_HEIGHT_SHARDED,L1_HEIGHT_SHARDED,BFLOAT8_B,64,20611,20682.434918754247
L1_HEIGHT_SHARDED,L1_HEIGHT_SHARDED,BFLOAT8_B,16,5506,5561.131289320145
L1_HEIGHT_SHARDED,L1_HEIGHT_SHARDED,BFLOAT8_B,8,3046,3040.914017747795
L1_HEIGHT_SHARDED,L1_HEIGHT_SHARDED,BFLOAT8_B,64,20609,20682.434918754247
L1_HEIGHT_SHARDED,L1_HEIGHT_SHARDED,BFLOAT8_B,16,5520,5561.131289320145
L1_HEIGHT_SHARDED,L1_HEIGHT_SHARDED,BFLOAT8_B,8,3038,3040.914017747795
L1_HEIGHT_SHARDED,L1_HEIGHT_SHARDED,BFLOAT8_B,64,20608,20682.434918754247
L1_HEIGHT_SHARDED,L1_HEIGHT_SHARDED,BFLOAT8_B,16,5522,5561.131289320145
L1_HEIGHT_SHARDED,L1_HEIGHT_SHARDED,BFLOAT8_B,8,3034,3040.914017747795
L1_HEIGHT_SHARDED,L1_HEIGHT_SHARDED,BFLOAT8_B,64,20611,20682.434918754247
L1_HEIGHT_SHARDED,L1_HEIGHT_SHARDED,BFLOAT8_B,16,5509,5561.131289320145
L1_HEIGHT_SHARDED,L1_HEIGHT_SHARDED,BFLOAT8_B,8,3036,3040.914017747795
L1_HEIGHT_SHARDED,L1_HEIGHT_SHARDED,BFLOAT8_B,256,81118,81167.64943649064
L1_HEIGHT_SHARDED,L1_HEIGHT_SHARDED,BFLOAT8_B,128,40856,40844.17309133305
L1_HEIGHT_SHARDED,L1_HEIGHT_SHARDED,BFLOAT8_B,32,10770,10601.565832464845
L1_HEIGHT_SHARDED,L1_HEIGHT_SHARDED,BFLOAT8_B,256,81117,81167.64943649064
L1_HEIGHT_SHARDED,L1_HEIGHT_SHARDED,BFLOAT8_B,128,40841,40844.17309133305
L1_HEIGHT_SHARDED,L1_HEIGHT_SHARDED,BFLOAT8_B,32,10687,10601.565832464845
L1_HEIGHT_SHARDED,L1_HEIGHT_SHARDED,BFLOAT8_B,256,81113,81167.64943649064
L1_HEIGHT_SHARDED,L1_HEIGHT_SHARDED,BFLOAT8_B,128,40857,40844.17309133305
L1_HEIGHT_SHARDED,L1_HEIGHT_SHARDED,BFLOAT8_B,32,10688,10601.565832464845
L1_HEIGHT_SHARDED,L1_HEIGHT_SHARDED,BFLOAT8_B,256,81109,81167.64943649064
L1_HEIGHT_SHARDED,L1_HEIGHT_SHARDED,BFLOAT8_B,128,40852,40844.17309133305
L1_HEIGHT_SHARDED,L1_HEIGHT_SHARDED,BFLOAT8_B,32,10686,10601.565832464845
L1_HEIGHT_SHARDED,L1_HEIGHT_SHARDED,BFLOAT8_B,256,81121,81167.64943649064
L1_HEIGHT_SHARDED,L1_HEIGHT_SHARDED,BFLOAT8_B,128,40840,40844.17309133305
L1_HEIGHT_SHARDED,L1_HEIGHT_SHARDED,BFLOAT8_B,32,10685,10601.565832464845
L1_HEIGHT_SHARDED,L1_HEIGHT_SHARDED,BFLOAT8_B,256,81112,81167.64943649064
L1_HEIGHT_SHARDED,L1_HEIGHT_SHARDED,BFLOAT8_B,128,40835,40844.17309133305
L1_HEIGHT_SHARDED,L1_HEIGHT_SHARDED,BFLOAT8_B,32,10701,10601.565832464845
L1_HEIGHT_SHARDED,L1_HEIGHT_SHARDED,BFLOAT8_B,256,81105,81167.64943649064
L1_HEIGHT_SHARDED,L1_HEIGHT_SHARDED,BFLOAT8_B,128,40837,40844.17309133305
L1_HEIGHT_SHARDED,L1_HEIGHT_SHARDED,BFLOAT8_B,32,10676,10601.565832464845
L1_HEIGHT_SHARDED,L1_HEIGHT_SHARDED,BFLOAT8_B,256,81122,81167.64943649064
L1_HEIGHT_SHARDED,L1_HEIGHT_SHARDED,BFLOAT8_B,128,40839,40844.17309133305
L1_HEIGHT_SHARDED,L1_HEIGHT_SHARDED,BFLOAT8_B,32,10681,10601.565832464845
L1_HEIGHT_SHARDED,L1_HEIGHT_SHARDED,BFLOAT8_B,256,81101,81167.64943649064
L1_HEIGHT_SHARDED,L1_HEIGHT_SHARDED,BFLOAT8_B,128,40851,40844.17309133305
L1_HEIGHT_SHARDED,L1_HEIGHT_SHARDED,BFLOAT8_B,32,10696,10601.565832464845
L1_HEIGHT_SHARDED,L1_HEIGHT_SHARDED,BFLOAT8_B,256,81118,81167.64943649064
L1_HEIGHT_SHARDED,L1_HEIGHT_SHARDED,BFLOAT8_B,128,40851,40844.17309133305
L1_HEIGHT_SHARDED,L1_HEIGHT_SHARDED,BFLOAT8_B,32,10711,10601.565832464845
L1_HEIGHT_SHARDED,L1_HEIGHT_SHARDED,BFLOAT8_B,512,161800,161814.60212680584
L1_HEIGHT_SHARDED,L1_HEIGHT_SHARDED,BFLOAT8_B,128,41006,40844.17309133305
L1_HEIGHT_SHARDED,L1_HEIGHT_SHARDED,BFLOAT8_B,64,20844,20682.434918754247
L1_HEIGHT_SHARDED,L1_HEIGHT_SHARDED,BFLOAT8_B,512,161807,161814.60212680584
L1_HEIGHT_SHARDED,L1_HEIGHT_SHARDED,BFLOAT8_B,128,40926,40844.17309133305
L1_HEIGHT_SHARDED,L1_HEIGHT_SHARDED,BFLOAT8_B,64,20759,20682.434918754247
L1_HEIGHT_SHARDED,L1_HEIGHT_SHARDED,BFLOAT8_B,512,161803,161814.60212680584
L1_HEIGHT_SHARDED,L1_HEIGHT_SHARDED,BFLOAT8_B,128,40934,40844.17309133305
L1_HEIGHT_SHARDED,L1_HEIGHT_SHARDED,BFLOAT8_B,64,20764,20682.434918754247
L1_HEIGHT_SHARDED,L1_HEIGHT_SHARDED,BFLOAT8_B,512,161799,161814.60212680584
L1_HEIGHT_SHARDED,L1_HEIGHT_SHARDED,BFLOAT8_B,128,40907,40844.17309133305
L1_HEIGHT_SHARDED,L1_HEIGHT_SHARDED,BFLOAT8_B,64,20760,20682.434918754247
L1_HEIGHT_SHARDED,L1_HEIGHT_SHARDED,BFLOAT8_B,512,161807,161814.60212680584
L1_HEIGHT_SHARDED,L1_HEIGHT_SHARDED,BFLOAT8_B,128,40938,40844.17309133305
L1_HEIGHT_SHARDED,L1_HEIGHT_SHARDED,BFLOAT8_B,64,20766,20682.434918754247
L1_HEIGHT_SHARDED,L1_HEIGHT_SHARDED,BFLOAT8_B,512,161817,161814.60212680584
L1_HEIGHT_SHARDED,L1_HEIGHT_SHARDED,BFLOAT8_B,128,40919,40844.17309133305
L1_HEIGHT_SHARDED,L1_HEIGHT_SHARDED,BFLOAT8_B,64,20755,20682.434918754247
L1_HEIGHT_SHARDED,L1_HEIGHT_SHARDED,BFLOAT8_B,512,161808,161814.60212680584
L1_HEIGHT_SHARDED,L1_HEIGHT_SHARDED,BFLOAT8_B,128,40922,40844.17309133305
L1_HEIGHT_SHARDED,L1_HEIGHT_SHARDED,BFLOAT8_B,64,20760,20682.434918754247
L1_HEIGHT_SHARDED,L1_HEIGHT_SHARDED,BFLOAT8_B,512,161812,161814.60212680584
L1_HEIGHT_SHARDED,L1_HEIGHT_SHARDED,BFLOAT8_B,128,40936,40844.17309133305
L1_HEIGHT_SHARDED,L1_HEIGHT_SHARDED,BFLOAT8_B,64,20772,20682.434918754247
L1_HEIGHT_SHARDED,L1_HEIGHT_SHARDED,BFLOAT8_B,512,161811,161814.60212680584
L1_HEIGHT_SHARDED,L1_HEIGHT_SHARDED,BFLOAT8_B,128,40919,40844.17309133305
L1_HEIGHT_SHARDED,L1_HEIGHT_SHARDED,BFLOAT8_B,64,20773,20682.434918754247
L1_HEIGHT_SHARDED,L1_HEIGHT_SHARDED,BFLOAT8_B,512,161804,161814.60212680584
L1_HEIGHT_SHARDED,L1_HEIGHT_SHARDED,BFLOAT8_B,128,40922,40844.17309133305
L1_HEIGHT_SHARDED,L1_HEIGHT_SHARDED,BFLOAT8_B,64,20766,20682.434918754247
L1_WIDTH_SHARDED,L1_WIDTH_SHARDED,BFLOAT8_B,1,752,842.2655017382729
L1_WIDTH_SHARDED,L1_WIDTH_SHARDED,BFLOAT8_B,1,750,842.2655017382729
L1_WIDTH_SHARDED,L1_WIDTH_SHARDED,BFLOAT8_B,1,752,842.2655017382729
L1_WIDTH_SHARDED,L1_WIDTH_SHARDED,BFLOAT8_B,1,750,842.2655017382729
L1_WIDTH_SHARDED,L1_WIDTH_SHARDED,BFLOAT8_B,1,735,842.2655017382729
L1_WIDTH_SHARDED,L1_WIDTH_SHARDED,BFLOAT8_B,1,755,842.2655017382729
L1_WIDTH_SHARDED,L1_WIDTH_SHARDED,BFLOAT8_B,1,750,842.2655017382729
L1_WIDTH_SHARDED,L1_WIDTH_SHARDED,BFLOAT8_B,1,740,842.2655017382729
L1_WIDTH_SHARDED,L1_WIDTH_SHARDED,BFLOAT8_B,1,766,842.2655017382729
L1_WIDTH_SHARDED,L1_WIDTH_SHARDED,BFLOAT8_B,1,764,842.2655017382729
L1_WIDTH_SHARDED,L1_WIDTH_SHARDED,BFLOAT8_B,16,5481,5567.141151209949
L1_WIDTH_SHARDED,L1_WIDTH_SHARDED,BFLOAT8_B,4,1797,1787.2406316326083
L1_WIDTH_SHARDED,L1_WIDTH_SHARDED,BFLOAT8_B,16,5488,5567.141151209949
L1_WIDTH_SHARDED,L1_WIDTH_SHARDED,BFLOAT8_B,4,1721,1787.2406316326083
L1_WIDTH_SHARDED,L1_WIDTH_SHARDED,BFLOAT8_B,16,5485,5567.141151209949
L1_WIDTH_SHARDED,L1_WIDTH_SHARDED,BFLOAT8_B,4,1738,1787.2406316326083
L1_WIDTH_SHARDED,L1_WIDTH_SHARDED,BFLOAT8_B,16,5490,5567.141151209949
L1_WIDTH_SHARDED,L1_WIDTH_SHARDED,BFLOAT8_B,4,1723,1787.2406316326083
L1_WIDTH_SHARDED,L1_WIDTH_SHARDED,BFLOAT8_B,16,5486,5567.141151209949
L1_WIDTH_SHARDED,L1_WIDTH_SHARDED,BFLOAT8_B,4,1720,1787.2406316326083
L1_WIDTH_SHARDED,L1_WIDTH_SHARDED,BFLOAT8_B,16,5478,5567.141151209949
L1_WIDTH_SHARDED,L1_WIDTH_SHARDED,BFLOAT8_B,4,1720,1787.2406316326083
L1_WIDTH_SHARDED,L1_WIDTH_SHARDED,BFLOAT8_B,16,5489,5567.141151209949
L1_WIDTH_SHARDED,L1_WIDTH_SHARDED,BFLOAT8_B,4,1728,1787.2406316326083
L1_WIDTH_SHARDED,L1_WIDTH_SHARDED,BFLOAT8_B,16,5495,5567.141151209949
L1_WIDTH_SHARDED,L1_WIDTH_SHARDED,BFLOAT8_B,4,1741,1787.2406316326083
L1_WIDTH_SHARDED,L1_WIDTH_SHARDED,BFLOAT8_B,16,5485,5567.141151209949
L1_WIDTH_SHARDED,L1_WIDTH_SHARDED,BFLOAT8_B,4,1725,1787.2406316326083
L1_WIDTH_SHARDED,L1_WIDTH_SHARDED,BFLOAT8_B,16,5490,5567.141151209949
L1_WIDTH_SHARDED,L1_WIDTH_SHARDED,BFLOAT8_B,4,1745,1787.2406316326083
L1_WIDTH_SHARDED,L1_WIDTH_SHARDED,BFLOAT8_B,64,20602,20686.743229519314
L1_WIDTH_SHARDED,L1_WIDTH_SHARDED,BFLOAT8_B,16,5572,5567.141151209949
L1_WIDTH_SHARDED,L1_WIDTH_SHARDED,BFLOAT8_B,8,3056,3047.2074714917217
L1_WIDTH_SHARDED,L1_WIDTH_SHARDED,BFLOAT8_B,64,20590,20686.743229519314
L1_WIDTH_SHARDED,L1_WIDTH_SHARDED,BFLOAT8_B,16,5508,5567.141151209949
L1_WIDTH_SHARDED,L1_WIDTH_SHARDED,BFLOAT8_B,8,3039,3047.2074714917217
L1_WIDTH_SHARDED,L1_WIDTH_SHARDED,BFLOAT8_B,64,20593,20686.743229519314
L1_WIDTH_SHARDED,L1_WIDTH_SHARDED,BFLOAT8_B,16,5525,5567.141151209949
L1_WIDTH_SHARDED,L1_WIDTH_SHARDED,BFLOAT8_B,8,3040,3047.2074714917217
L1_WIDTH_SHARDED,L1_WIDTH_SHARDED,BFLOAT8_B,64,20610,20686.743229519314
L1_WIDTH_SHARDED,L1_WIDTH_SHARDED,BFLOAT8_B,16,5521,5567.141151209949
L1_WIDTH_SHARDED,L1_WIDTH_SHARDED,BFLOAT8_B,8,3037,3047.2074714917217
L1_WIDTH_SHARDED,L1_WIDTH_SHARDED,BFLOAT8_B,64,20603,20686.743229519314
L1_WIDTH_SHARDED,L1_WIDTH_SHARDED,BFLOAT8_B,16,5507,5567.141151209949
L1_WIDTH_SHARDED,L1_WIDTH_SHARDED,BFLOAT8_B,8,3039,3047.2074714917217
L1_WIDTH_SHARDED,L1_WIDTH_SHARDED,BFLOAT8_B,64,20606,20686.743229519314
L1_WIDTH_SHARDED,L1_WIDTH_SHARDED,BFLOAT8_B,16,5502,5567.141151209949
L1_WIDTH_SHARDED,L1_WIDTH_SHARDED,BFLOAT8_B,8,3048,3047.2074714917217
L1_WIDTH_SHARDED,L1_WIDTH_SHARDED,BFLOAT8_B,64,20602,20686.743229519314
L1_WIDTH_SHARDED,L1_WIDTH_SHARDED,BFLOAT8_B,16,5510,5567.141151209949
L1_WIDTH_SHARDED,L1_WIDTH_SHARDED,BFLOAT8_B,8,3053,3047.2074714917217
L1_WIDTH_SHARDED,L1_WIDTH_SHARDED,BFLOAT8_B,64,20607,20686.743229519314
L1_WIDTH_SHARDED,L1_WIDTH_SHARDED,BFLOAT8_B,16,5505,5567.141151209949
L1_WIDTH_SHARDED,L1_WIDTH_SHARDED,BFLOAT8_B,8,3049,3047.2074714917217
L1_WIDTH_SHARDED,L1_WIDTH_SHARDED,BFLOAT8_B,64,20607,20686.743229519314
L1_WIDTH_SHARDED,L1_WIDTH_SHARDED,BFLOAT8_B,16,5507,5567.141151209949
L1_WIDTH_SHARDED,L1_WIDTH_SHARDED,BFLOAT8_B,8,3041,3047.2074714917217
L1_WIDTH_SHARDED,L1_WIDTH_SHARDED,BFLOAT8_B,64,20598,20686.743229519314
L1_WIDTH_SHARDED,L1_WIDTH_SHARDED,BFLOAT8_B,16,5516,5567.141151209949
L1_WIDTH_SHARDED,L1_WIDTH_SHARDED,BFLOAT8_B,8,3042,3047.2074714917217
L1_WIDTH_SHARDED,L1_WIDTH_SHARDED,BFLOAT8_B,256,81107,81165.15154275676
L1_WIDTH_SHARDED,L1_WIDTH_SHARDED,BFLOAT8_B,128,40866,40846.21266726513
L1_WIDTH_SHARDED,L1_WIDTH_SHARDED,BFLOAT8_B,32,10772,10607.008510646403
L1_WIDTH_SHARDED,L1_WIDTH_SHARDED,BFLOAT8_B,256,81110,81165.15154275676
L1_WIDTH_SHARDED,L1_WIDTH_SHARDED,BFLOAT8_B,128,40852,40846.21266726513
L1_WIDTH_SHARDED,L1_WIDTH_SHARDED,BFLOAT8_B,32,10693,10607.008510646403
L1_WIDTH_SHARDED,L1_WIDTH_SHARDED,BFLOAT8_B,256,81117,81165.15154275676
L1_WIDTH_SHARDED,L1_WIDTH_SHARDED,BFLOAT8_B,128,40851,40846.21266726513
L1_WIDTH_SHARDED,L1_WIDTH_SHARDED,BFLOAT8_B,32,10681,10607.008510646403
L1_WIDTH_SHARDED,L1_WIDTH_SHARDED,BFLOAT8_B,256,81116,81165.15154275676
L1_WIDTH_SHARDED,L1_WIDTH_SHARDED,BFLOAT8_B,128,40834,40846.21266726513
L1_WIDTH_SHARDED,L1_WIDTH_SHARDED,BFLOAT8_B,32,10708,10607.008510646403
L1_WIDTH_SHARDED,L1_WIDTH_SHARDED,BFLOAT8_B,256,81107,81165.15154275676
L1_WIDTH_SHARDED,L1_WIDTH_SHARDED,BFLOAT8_B,128,40859,40846.21266726513
L1_WIDTH_SHARDED,L1_WIDTH_SHARDED,BFLOAT8_B,32,10671,10607.008510646403
L1_WIDTH_SHARDED,L1_WIDTH_SHARDED,BFLOAT8_B,256,81109,81165.15154275676
L1_WIDTH_SHARDED,L1_WIDTH_SHARDED,BFLOAT8_B,128,40833,40846.21266726513
L1_WIDTH_SHARDED,L1_WIDTH_SHARDED,BFLOAT8_B,32,10698,10607.008510646403
L1_WIDTH_SHARDED,L1_WIDTH_SHARDED,BFLOAT8_B,256,81128,81165.15154275676
L1_WIDTH_SHARDED,L1_WIDTH_SHARDED,BFLOAT8_B,128,40836,40846.21266726513
L1_WIDTH_SHARDED,L1_WIDTH_SHARDED,BFLOAT8_B,32,10691,10607.008510646403
L1_WIDTH_SHARDED,L1_WIDTH_SHARDED,BFLOAT8_B,256,81123,81165.15154275676
L1_WIDTH_SHARDED,L1_WIDTH_SHARDED,BFLOAT8_B,128,40854,40846.21266726513
L1_WIDTH_SHARDED,L1_WIDTH_SHARDED,BFLOAT8_B,32,10688,10607.008510646403
L1_WIDTH_SHARDED,L1_WIDTH_SHARDED,BFLOAT8_B,256,81110,81165.15154275676
L1_WIDTH_SHARDED,L1_WIDTH_SHARDED,BFLOAT8_B,128,40850,40846.21266726513
L1_WIDTH_SHARDED,L1_WIDTH_SHARDED,BFLOAT8_B,32,10686,10607.008510646403
L1_WIDTH_SHARDED,L1_WIDTH_SHARDED,BFLOAT8_B,256,81105,81165.15154275676
L1_WIDTH_SHARDED,L1_WIDTH_SHARDED,BFLOAT8_B,128,40839,40846.21266726513
L1_WIDTH_SHARDED,L1_WIDTH_SHARDED,BFLOAT8_B,32,10680,10607.008510646403
L1_WIDTH_SHARDED,L1_WIDTH_SHARDED,BFLOAT8_B,512,161814,161803.02929374005
L1_WIDTH_SHARDED,L1_WIDTH_SHARDED,BFLOAT8_B,128,40995,40846.21266726513
L1_WIDTH_SHARDED,L1_WIDTH_SHARDED,BFLOAT8_B,64,20846,20686.743229519314
L1_WIDTH_SHARDED,L1_WIDTH_SHARDED,BFLOAT8_B,512,161818,161803.02929374005
L1_WIDTH_SHARDED,L1_WIDTH_SHARDED,BFLOAT8_B,128,40930,40846.21266726513
L1_WIDTH_SHARDED,L1_WIDTH_SHARDED,BFLOAT8_B,64,20769,20686.743229519314
L1_WIDTH_SHARDED,L1_WIDTH_SHARDED,BFLOAT8_B,512,161797,161803.02929374005
L1_WIDTH_SHARDED,L1_WIDTH_SHARDED,BFLOAT8_B,128,40931,40846.21266726513
L1_WIDTH_SHARDED,L1_WIDTH_SHARDED,BFLOAT8_B,64,20763,20686.743229519314
L1_WIDTH_SHARDED,L1_WIDTH_SHARDED,BFLOAT8_B,512,161803,161803.02929374005
L1_WIDTH_SHARDED,L1_WIDTH_SHARDED,BFLOAT8_B,128,40920,40846.21266726513
L1_WIDTH_SHARDED,L1_WIDTH_SHARDED,BFLOAT8_B,64,20759,20686.743229519314
L1_WIDTH_SHARDED,L1_WIDTH_SHARDED,BFLOAT8_B,512,161804,161803.02929374005
L1_WIDTH_SHARDED,L1_WIDTH_SHARDED,BFLOAT8_B,128,40910,40846.21266726513
L1_WIDTH_SHARDED,L1_WIDTH_SHARDED,BFLOAT8_B,64,20773,20686.743229519314
L1_WIDTH_SHARDED,L1_WIDTH_SHARDED,BFLOAT8_B,512,161804,161803.02929374005
L1_WIDTH_SHARDED,L1_WIDTH_SHARDED,BFLOAT8_B,128,40923,40846.21266726513
L1_WIDTH_SHARDED,L1_WIDTH_SHARDED,BFLOAT8_B,64,20763,20686.743229519314
L1_WIDTH_SHARDED,L1_WIDTH_SHARDED,BFLOAT8_B,512,161803,161803.02929374005
L1_WIDTH_SHARDED,L1_WIDTH_SHARDED,BFLOAT8_B,128,40937,40846.21266726513
L1_WIDTH_SHARDED,L1_WIDTH_SHARDED,BFLOAT8_B,64,20774,20686.743229519314
L1_WIDTH_SHARDED,L1_WIDTH_SHARDED,BFLOAT8_B,512,161814,161803.02929374005
L1_WIDTH_SHARDED,L1_WIDTH_SHARDED,BFLOAT8_B,128,40929,40846.21266726513
L1_WIDTH_SHARDED,L1_WIDTH_SHARDED,BFLOAT8_B,64,20766,20686.743229519314
L1_WIDTH_SHARDED,L1_WIDTH_SHARDED,BFLOAT8_B,512,161793,161803.02929374005
L1_WIDTH_SHARDED,L1_WIDTH_SHARDED,BFLOAT8_B,128,40931,40846.21266726513
L1_WIDTH_SHARDED,L1_WIDTH_SHARDED,BFLOAT8_B,64,20751,20686.743229519314
L1_WIDTH_SHARDED,L1_WIDTH_SHARDED,BFLOAT8_B,512,161802,161803.02929374005
L1_WIDTH_SHARDED,L1_WIDTH_SHARDED,BFLOAT8_B,128,40940,40846.21266726513
L1_WIDTH_SHARDED,L1_WIDTH_SHARDED,BFLOAT8_B,64,20768,20686.743229519314
L1_BLOCK_SHARDED,L1_BLOCK_SHARDED,BFLOAT8_B,1,752,885.5594900358343
L1_BLOCK_SHARDED,L1_BLOCK_SHARDED,BFLOAT8_B,1,753,885.5594900358343
L1_BLOCK_SHARDED,L1_BLOCK_SHARDED,BFLOAT8_B,1,748,885.5594900358343
L1_BLOCK_SHARDED,L1_BLOCK_SHARDED,BFLOAT8_B,1,754,885.5594900358343
L1_BLOCK_SHARDED,L1_BLOCK_SHARDED,BFLOAT8_B,1,742,885.5594900358343
L1_BLOCK_SHARDED,L1_BLOCK_SHARDED,BFLOAT8_B,1,753,885.5594900358343
L1_BLOCK_SHARDED,L1_BLOCK_SHARDED,BFLOAT8_B,1,760,885.5594900358343
L1_BLOCK_SHARDED,L1_BLOCK_SHARDED,BFLOAT8_B,1,749,885.5594900358343
L1_BLOCK_SHARDED,L1_BLOCK_SHARDED,BFLOAT8_B,1,758,885.5594900358343
L1_BLOCK_SHARDED,L1_BLOCK_SHARDED,BFLOAT8_B,1,749,885.5594900358343
L1_BLOCK_SHARDED,L1_BLOCK_SHARDED,BFLOAT8_B,16,5481,5609.203198322733
L1_BLOCK_SHARDED,L1_BLOCK_SHARDED,BFLOAT8_B,4,1776,1830.2882316932141
L1_BLOCK_SHARDED,L1_BLOCK_SHARDED,BFLOAT8_B,4,1857,1830.2882316932141
L1_BLOCK_SHARDED,L1_BLOCK_SHARDED,BFLOAT8_B,1,931,885.5594900358343
L1_BLOCK_SHARDED,L1_BLOCK_SHARDED,BFLOAT8_B,16,5483,5609.203198322733
L1_BLOCK_SHARDED,L1_BLOCK_SHARDED,BFLOAT8_B,4,1732,1830.2882316932141
L1_BLOCK_SHARDED,L1_BLOCK_SHARDED,BFLOAT8_B,4,1789,1830.2882316932141
L1_BLOCK_SHARDED,L1_BLOCK_SHARDED,BFLOAT8_B,1,859,885.5594900358343
L1_BLOCK_SHARDED,L1_BLOCK_SHARDED,BFLOAT8_B,16,5495,5609.203198322733
L1_BLOCK_SHARDED,L1_BLOCK_SHARDED,BFLOAT8_B,4,1738,1830.2882316932141
L1_BLOCK_SHARDED,L1_BLOCK_SHARDED,BFLOAT8_B,4,1778,1830.2882316932141
L1_BLOCK_SHARDED,L1_BLOCK_SHARDED,BFLOAT8_B,1,869,885.5594900358343
L1_BLOCK_SHARDED,L1_BLOCK_SHARDED,BFLOAT8_B,16,5474,5609.203198322733
L1_BLOCK_SHARDED,L1_BLOCK_SHARDED,BFLOAT8_B,4,1731,1830.2882316932141
L1_BLOCK_SHARDED,L1_BLOCK_SHARDED,BFLOAT8_B,4,1768,1830.2882316932141
L1_BLOCK_SHARDED,L1_BLOCK_SHARDED,BFLOAT8_B,1,857,885.5594900358343
L1_BLOCK_SHARDED,L1_BLOCK_SHARDED,BFLOAT8_B,16,5478,5609.203198322733
L1_BLOCK_SHARDED,L1_BLOCK_SHARDED,BFLOAT8_B,4,1739,1830.2882316932141
L1_BLOCK_SHARDED,L1_BLOCK_SHARDED,BFLOAT8_B,4,1749,1830.2882316932141
L1_BLOCK_SHARDED,L1_BLOCK_SHARDED,BFLOAT8_B,1,888,885.5594900358343
L1_BLOCK_SHARDED,L1_BLOCK_SHARDED,BFLOAT8_B,16,5500,5609.203198322733
L1_BLOCK_SHARDED,L1_BLOCK_SHARDED,BFLOAT8_B,4,1737,1830.2882316932141
L1_BLOCK_SHARDED,L1_BLOCK_SHARDED,BFLOAT8_B,4,1761,1830.2882316932141
L1_BLOCK_SHARDED,L1_BLOCK_SHARDED,BFLOAT8_B,1,871,885.5594900358343
L1_BLOCK_SHARDED,L1_BLOCK_SHARDED,BFLOAT8_B,16,5481,5609.203198322733
L1_BLOCK_SHARDED,L1_BLOCK_SHARDED,BFLOAT8_B,4,1741,1830.2882316932141
L1_BLOCK_SHARDED,L1_BLOCK_SHARDED,BFLOAT8_B,4,1781,1830.2882316932141
L1_BLOCK_SHARDED,L1_BLOCK_SHARDED,BFLOAT8_B,1,870,885.5594900358343
L1_BLOCK_SHARDED,L1_BLOCK_SHARDED,BFLOAT8_B,16,5489,5609.203198322733
L1_BLOCK_SHARDED,L1_BLOCK_SHARDED,BFLOAT8_B,4,1726,1830.2882316932141
L1_BLOCK_SHARDED,L1_BLOCK_SHARDED,BFLOAT8_B,4,1775,1830.2882316932141
L1_BLOCK_SHARDED,L1_BLOCK_SHARDED,BFLOAT8_B,1,866,885.5594900358343
L1_BLOCK_SHARDED,L1_BLOCK_SHARDED,BFLOAT8_B,16,5484,5609.203198322733
L1_BLOCK_SHARDED,L1_BLOCK_SHARDED,BFLOAT8_B,4,1729,1830.2882316932141
L1_BLOCK_SHARDED,L1_BLOCK_SHARDED,BFLOAT8_B,4,1767,1830.2882316932141
L1_BLOCK_SHARDED,L1_BLOCK_SHARDED,BFLOAT8_B,1,860,885.5594900358343
L1_BLOCK_SHARDED,L1_BLOCK_SHARDED,BFLOAT8_B,16,5479,5609.203198322733
L1_BLOCK_SHARDED,L1_BLOCK_SHARDED,BFLOAT8_B,4,1724,1830.2882316932141
L1_BLOCK_SHARDED,L1_BLOCK_SHARDED,BFLOAT8_B,4,1763,1830.2882316932141
L1_BLOCK_SHARDED,L1_BLOCK_SHARDED,BFLOAT8_B,1,858,885.5594900358343
L1_BLOCK_SHARDED,L1_BLOCK_SHARDED,BFLOAT8_B,64,20605,20724.86306484081
L1_BLOCK_SHARDED,L1_BLOCK_SHARDED,BFLOAT8_B,16,5567,5609.203198322733
L1_BLOCK_SHARDED,L1_BLOCK_SHARDED,BFLOAT8_B,8,3049,3089.926553903054
L1_BLOCK_SHARDED,L1_BLOCK_SHARDED,BFLOAT8_B,16,5649,5609.203198322733
L1_BLOCK_SHARDED,L1_BLOCK_SHARDED,BFLOAT8_B,4,1883,1830.2882316932141
L1_BLOCK_SHARDED,L1_BLOCK_SHARDED,BFLOAT8_B,2,1288,1200.4690705882942
L1_BLOCK_SHARDED,L1_BLOCK_SHARDED,BFLOAT8_B,8,3112,3089.926553903054
L1_BLOCK_SHARDED,L1_BLOCK_SHARDED,BFLOAT8_B,2,1234,1200.4690705882942
L1_BLOCK_SHARDED,L1_BLOCK_SHARDED,BFLOAT8_B,1,944,885.5594900358343
L1_BLOCK_SHARDED,L1_BLOCK_SHARDED,BFLOAT8_B,64,20604,20724.86306484081
L1_BLOCK_SHARDED,L1_BLOCK_SHARDED,BFLOAT8_B,16,5514,5609.203198322733
L1_BLOCK_SHARDED,L1_BLOCK_SHARDED,BFLOAT8_B,8,3053,3089.926553903054
L1_BLOCK_SHARDED,L1_BLOCK_SHARDED,BFLOAT8_B,16,5561,5609.203198322733
L1_BLOCK_SHARDED,L1_BLOCK_SHARDED,BFLOAT8_B,4,1820,1830.2882316932141
L1_BLOCK_SHARDED,L1_BLOCK_SHARDED,BFLOAT8_B,2,1244,1200.4690705882942
L1_BLOCK_SHARDED,L1_BLOCK_SHARDED,BFLOAT8_B,8,3027,3089.926553903054
L1_BLOCK_SHARDED,L1_BLOCK_SHARDED,BFLOAT8_B,2,1186,1200.4690705882942
L1_BLOCK_SHARDED,L1_BLOCK_SHARDED,BFLOAT8_B,1,918,885.5594900358343
L1_BLOCK_SHARDED,L1_BLOCK_SHARDED,BFLOAT8_B,64,20606,20724.86306484081
L1_BLOCK_SHARDED,L1_BLOCK_SHARDED,BFLOAT8_B,16,5520,5609.203198322733
L1_BLOCK_SHARDED,L1_BLOCK_SHARDED,BFLOAT8_B,8,3044,3089.926553903054
L1_BLOCK_SHARDED,L1_BLOCK_SHARDED,BFLOAT8_B,16,5552,5609.203198322733
L1_BLOCK_SHARDED,L1_BLOCK_SHARDED,BFLOAT8_B,4,1813,1830.2882316932141
L1_BLOCK_SHARDED,L1_BLOCK_SHARDED,BFLOAT8_B,2,1237,1200.4690705882942
L1_BLOCK_SHARDED,L1_BLOCK_SHARDED,BFLOAT8_B,8,3021,3089.926553903054
L1_BLOCK_SHARDED,L1_BLOCK_SHARDED,BFLOAT8_B,2,1203,1200.4690705882942
L1_BLOCK_SHARDED,L1_BLOCK_SHARDED,BFLOAT8_B,1,920,885.5594900358343
L1_BLOCK_SHARDED,L1_BLOCK_SHARDED,BFLOAT8_B,64,20609,20724.86306484081
L1_BLOCK_SHARDED,L1_BLOCK_SHARDED,BFLOAT8_B,16,5507,5609.203198322733
L1_BLOCK_SHARDED,L1_BLOCK_SHARDED,BFLOAT8_B,8,3033,3089.926553903054
L1_BLOCK_SHARDED,L1_BLOCK_SHARDED,BFLOAT8_B,16,5571,5609.203198322733
L1_BLOCK_SHARDED,L1_BLOCK_SHARDED,BFLOAT8_B,4,1813,1830.2882316932141
L1_BLOCK_SHARDED,L1_BLOCK_SHARDED,BFLOAT8_B,2,1246,1200.4690705882942
L1_BLOCK_SHARDED,L1_BLOCK_SHARDED,BFLOAT8_B,8,3035,3089.926553903054
L1_BLOCK_SHARDED,L1_BLOCK_SHARDED,BFLOAT8_B,2,1178,1200.4690705882942
L1_BLOCK_SHARDED,L1_BLOCK_SHARDED,BFLOAT8_B,1,913,885.5594900358343
L1_BLOCK_SHARDED,L1_BLOCK_SHARDED,BFLOAT8_B,64,20609,20724.86306484081
L1_BLOCK_SHARDED,L1_BLOCK_SHARDED,BFLOAT8_B,16,5512,5609.203198322733
L1_BLOCK_SHARDED,L1_BLOCK_SHARDED,BFLOAT8_B,8,3059,3089.926553903054
L1_BLOCK_SHARDED,L1_BLOCK_SHARDED,BFLOAT8_B,16,5559,5609.203198322733
L1_BLOCK_SHARDED,L1_BLOCK_SHARDED,BFLOAT8_B,4,1813,1830.2882316932141
L1_BLOCK_SHARDED,L1_BLOCK_SHARDED,BFLOAT8_B,2,1222,1200.4690705882942
L1_BLOCK_SHARDED,L1_BLOCK_SHARDED,BFLOAT8_B,8,3037,3089.926553903054
L1_BLOCK_SHARDED,L1_BLOCK_SHARDED,BFLOAT8_B,2,1183,1200.4690705882942
L1_BLOCK_SHARDED,L1_BLOCK_SHARDED,BFLOAT8_B,1,907,885.5594900358343
L1_BLOCK_SHARDED,L1_BLOCK_SHARDED,BFLOAT8_B,64,20604,20724.86306484081
L1_BLOCK_SHARDED,L1_BLOCK_SHARDED,BFLOAT8_B,16,5522,5609.203198322733
L1_BLOCK_SHARDED,L1_BLOCK_SHARDED,BFLOAT8_B,8,3054,3089.926553903054
L1_BLOCK_SHARDED,L1_BLOCK_SHARDED,BFLOAT8_B,16,5553,5609.203198322733
L1_BLOCK_SHARDED,L1_BLOCK_SHARDED,BFLOAT8_B,4,1816,1830.2882316932141
L1_BLOCK_SHARDED,L1_BLOCK_SHARDED,BFLOAT8_B,2,1248,1200.4690705882942
L1_BLOCK_SHARDED,L1_BLOCK_SHARDED,BFLOAT8_B,8,3027,3089.926553903054
L1_BLOCK_SHARDED,L1_BLOCK_SHARDED,BFLOAT8_B,2,1190,1200.4690705882942
L1_BLOCK_SHARDED,L1_BLOCK_SHARDED,BFLOAT8_B,1,914,885.5594900358343
L1_BLOCK_SHARDED,L1_BLOCK_SHARDED,BFLOAT8_B,64,20604,20724.86306484081
L1_BLOCK_SHARDED,L1_BLOCK_SHARDED,BFLOAT8_B,16,5513,5609.203198322733
L1_BLOCK_SHARDED,L1_BLOCK_SHARDED,BFLOAT8_B,8,3051,3089.926553903054
L1_BLOCK_SHARDED,L1_BLOCK_SHARDED,BFLOAT8_B,16,5537,5609.203198322733
L1_BLOCK_SHARDED,L1_BLOCK_SHARDED,BFLOAT8_B,4,1807,1830.2882316932141
L1_BLOCK_SHARDED,L1_BLOCK_SHARDED,BFLOAT8_B,2,1243,1200.4690705882942
L1_BLOCK_SHARDED,L1_BLOCK_SHARDED,BFLOAT8_B,8,3032,3089.926553903054
L1_BLOCK_SHARDED,L1_BLOCK_SHARDED,BFLOAT8_B,2,1173,1200.4690705882942
L1_BLOCK_SHARDED,L1_BLOCK_SHARDED,BFLOAT8_B,1,910,885.5594900358343
L1_BLOCK_SHARDED,L1_BLOCK_SHARDED,BFLOAT8_B,64,20606,20724.86306484081
L1_BLOCK_SHARDED,L1_BLOCK_SHARDED,BFLOAT8_B,16,5503,5609.203198322733
L1_BLOCK_SHARDED,L1_BLOCK_SHARDED,BFLOAT8_B,8,3052,3089.926553903054
L1_BLOCK_SHARDED,L1_BLOCK_SHARDED,BFLOAT8_B,16,5548,5609.203198322733
L1_BLOCK_SHARDED,L1_BLOCK_SHARDED,BFLOAT8_B,4,1819,1830.2882316932141
L1_BLOCK_SHARDED,L1_BLOCK_SHARDED,BFLOAT8_B,2,1234,1200.4690705882942
L1_BLOCK_SHARDED,L1_BLOCK_SHARDED,BFLOAT8_B,8,3043,3089.926553903054
L1_BLOCK_SHARDED,L1_BLOCK_SHARDED,BFLOAT8_B,2,1179,1200.4690705882942
L1_BLOCK_SHARDED,L1_BLOCK_SHARDED,BFLOAT8_B,1,918,885.5594900358343
L1_BLOCK_SHARDED,L1_BLOCK_SHARDED,BFLOAT8_B,64,20602,20724.86306484081
L1_BLOCK_SHARDED,L1_BLOCK_SHARDED,BFLOAT8_B,16,5514,5609.203198322733
L1_BLOCK_SHARDED,L1_BLOCK_SHARDED,BFLOAT8_B,8,3047,3089.926553903054
L1_BLOCK_SHARDED,L1_BLOCK_SHARDED,BFLOAT8_B,16,5576,5609.203198322733
L1_BLOCK_SHARDED,L1_BLOCK_SHARDED,BFLOAT8_B,4,1813,1830.2882316932141
L1_BLOCK_SHARDED,L1_BLOCK_SHARDED,BFLOAT8_B,2,1232,1200.4690705882942
L1_BLOCK_SHARDED,L1_BLOCK_SHARDED,BFLOAT8_B,8,3046,3089.926553903054
L1_BLOCK_SHARDED,L1_BLOCK_SHARDED,BFLOAT8_B,2,1190,1200.4690705882942
L1_BLOCK_SHARDED,L1_BLOCK_SHARDED,BFLOAT8_B,1,917,885.5594900358343
L1_BLOCK_SHARDED,L1_BLOCK_SHARDED,BFLOAT8_B,64,20605,20724.86306484081
L1_BLOCK_SHARDED,L1_BLOCK_SHARDED,BFLOAT8_B,16,5506,5609.203198322733
L1_BLOCK_SHARDED,L1_BLOCK_SHARDED,BFLOAT8_B,8,3050,3089.926553903054
L1_BLOCK_SHARDED,L1_BLOCK_SHARDED,BFLOAT8_B,16,5560,5609.203198322733
L1_BLOCK_SHARDED,L1_BLOCK_SHARDED,BFLOAT8_B,4,1816,1830.2882316932141
L1_BLOCK_SHARDED,L1_BLOCK_SHARDED,BFLOAT8_B,2,1230,1200.4690705882942
L1_BLOCK_SHARDED,L1_BLOCK_SHARDED,BFLOAT8_B,8,3027,3089.926553903054
L1_BLOCK_SHARDED,L1_BLOCK_SHARDED,BFLOAT8_B,2,1184,1200.4690705882942
L1_BLOCK_SHARDED,L1_BLOCK_SHARDED,BFLOAT8_B,1,910,885.5594900358343
L1_BLOCK_SHARDED,L1_BLOCK_SHARDED,BFLOAT8_B,256,81112,81187.50253091312
L1_BLOCK_SHARDED,L1_BLOCK_SHARDED,BFLOAT8_B,128,40853,40879.07622019824
L1_BLOCK_SHARDED,L1_BLOCK_SHARDED,BFLOAT8_B,256,81248,81187.50253091312
L1_BLOCK_SHARDED,L1_BLOCK_SHARDED,BFLOAT8_B,64,20802,20724.86306484081
L1_BLOCK_SHARDED,L1_BLOCK_SHARDED,BFLOAT8_B,32,10732,10647.756487162093
L1_BLOCK_SHARDED,L1_BLOCK_SHARDED,BFLOAT8_B,128,40893,40879.07622019824
L1_BLOCK_SHARDED,L1_BLOCK_SHARDED,BFLOAT8_B,32,10686,10647.756487162093
L1_BLOCK_SHARDED,L1_BLOCK_SHARDED,BFLOAT8_B,16,5676,5609.203198322733
L1_BLOCK_SHARDED,L1_BLOCK_SHARDED,BFLOAT8_B,256,81119,81187.50253091312
L1_BLOCK_SHARDED,L1_BLOCK_SHARDED,BFLOAT8_B,128,40849,40879.07622019824
L1_BLOCK_SHARDED,L1_BLOCK_SHARDED,BFLOAT8_B,256,81150,81187.50253091312
L1_BLOCK_SHARDED,L1_BLOCK_SHARDED,BFLOAT8_B,64,20720,20724.86306484081
L1_BLOCK_SHARDED,L1_BLOCK_SHARDED,BFLOAT8_B,32,10693,10647.756487162093
L1_BLOCK_SHARDED,L1_BLOCK_SHARDED,BFLOAT8_B,128,40820,40879.07622019824
L1_BLOCK_SHARDED,L1_BLOCK_SHARDED,BFLOAT8_B,32,10644,10647.756487162093
L1_BLOCK_SHARDED,L1_BLOCK_SHARDED,BFLOAT8_B,16,5646,5609.203198322733
L1_BLOCK_SHARDED,L1_BLOCK_SHARDED,BFLOAT8_B,256,81116,81187.50253091312
L1_BLOCK_SHARDED,L1_BLOCK_SHARDED,BFLOAT8_B,128,40838,40879.07622019824
L1_BLOCK_SHARDED,L1_BLOCK_SHARDED,BFLOAT8_B,256,81142,81187.50253091312
L1_BLOCK_SHARDED,L1_BLOCK_SHARDED,BFLOAT8_B,64,20715,20724.86306484081
L1_BLOCK_SHARDED,L1_BLOCK_SHARDED,BFLOAT8_B,32,10684,10647.756487162093
L1_BLOCK_SHARDED,L1_BLOCK_SHARDED,BFLOAT8_B,128,40822,40879.07622019824
L1_BLOCK_SHARDED,L1_BLOCK_SHARDED,BFLOAT8_B,32,10630,10647.756487162093
L1_BLOCK_SHARDED,L1_BLOCK_SHARDED,BFLOAT8_B,16,5642,5609.203198322733
L1_BLOCK_SHARDED,L1_BLOCK_SHARDED,BFLOAT8_B,256,81107,81187.50253091312
L1_BLOCK_SHARDED,L1_BLOCK_SHARDED,BFLOAT8_B,128,40868,40879.07622019824
L1_BLOCK_SHARDED,L1_BLOCK_SHARDED,BFLOAT8_B,256,81146,81187.50253091312
L1_BLOCK_SHARDED,L1_BLOCK_SHARDED,BFLOAT8_B,64,20709,20724.86306484081
L1_BLOCK_SHARDED,L1_BLOCK_SHARDED,BFLOAT8_B,32,10681,10647.756487162093
L1_BLOCK_SHARDED,L1_BLOCK_SHARDED,BFLOAT8_B,128,40840,40879.07622019824
L1_BLOCK_SHARDED,L1_BLOCK_SHARDED,BFLOAT8_B,32,10627,10647.756487162093
L1_BLOCK_SHARDED,L1_BLOCK_SHARDED,BFLOAT8_B,16,5643,5609.203198322733
L1_BLOCK_SHARDED,L1_BLOCK_SHARDED,BFLOAT8_B,256,81109,81187.50253091312
L1_BLOCK_SHARDED,L1_BLOCK_SHARDED,BFLOAT8_B,128,40845,40879.07622019824
L1_BLOCK_SHARDED,L1_BLOCK_SHARDED,BFLOAT8_B,256,81156,81187.50253091312
L1_BLOCK_SHARDED,L1_BLOCK_SHARDED,BFLOAT8_B,64,20710,20724.86306484081
L1_BLOCK_SHARDED,L1_BLOCK_SHARDED,BFLOAT8_B,32,10695,10647.756487162093
L1_BLOCK_SHARDED,L1_BLOCK_SHARDED,BFLOAT8_B,128,40828,40879.07622019824
L1_BLOCK_SHARDED,L1_BLOCK_SHARDED,BFLOAT8_B,32,10631,10647.756487162093
L1_BLOCK_SHARDED,L1_BLOCK_SHARDED,BFLOAT8_B,16,5647,5609.203198322733
L1_BLOCK_SHARDED,L1_BLOCK_SHARDED,BFLOAT8_B,256,81112,81187.50253091312
L1_BLOCK_SHARDED,L1_BLOCK_SHARDED,BFLOAT8_B,128,40847,40879.07622019824
L1_BLOCK_SHARDED,L1_BLOCK_SHARDED,BFLOAT8_B,256,81161,81187.50253091312
L1_BLOCK_SHARDED,L1_BLOCK_SHARDED,BFLOAT8_B,64,20712,20724.86306484081
L1_BLOCK_SHARDED,L1_BLOCK_SHARDED,BFLOAT8_B,32,10675,10647.756487162093
L1_BLOCK_SHARDED,L1_BLOCK_SHARDED,BFLOAT8_B,128,40818,40879.07622019824
L1_BLOCK_SHARDED,L1_BLOCK_SHARDED,BFLOAT8_B,32,10648,10647.756487162093
L1_BLOCK_SHARDED,L1_BLOCK_SHARDED,BFLOAT8_B,16,5649,5609.203198322733
L1_BLOCK_SHARDED,L1_BLOCK_SHARDED,BFLOAT8_B,256,81116,81187.50253091312
L1_BLOCK_SHARDED,L1_BLOCK_SHARDED,BFLOAT8_B,128,40837,40879.07622019824
L1_BLOCK_SHARDED,L1_BLOCK_SHARDED,BFLOAT8_B,256,81155,81187.50253091312
L1_BLOCK_SHARDED,L1_BLOCK_SHARDED,BFLOAT8_B,64,20706,20724.86306484081
L1_BLOCK_SHARDED,L1_BLOCK_SHARDED,BFLOAT8_B,32,10675,10647.756487162093
L1_BLOCK_SHARDED,L1_BLOCK_SHARDED,BFLOAT8_B,128,40831,40879.07622019824
L1_BLOCK_SHARDED,L1_BLOCK_SHARDED,BFLOAT8_B,32,10632,10647.756487162093
L1_BLOCK_SHARDED,L1_BLOCK_SHARDED,BFLOAT8_B,16,5648,5609.203198322733
L1_BLOCK_SHARDED,L1_BLOCK_SHARDED,BFLOAT8_B,256,81107,81187.50253091312
L1_BLOCK_SHARDED,L1_BLOCK_SHARDED,BFLOAT8_B,128,40858,40879.07622019824
L1_BLOCK_SHARDED,L1_BLOCK_SHARDED,BFLOAT8_B,256,81152,81187.50253091312
L1_BLOCK_SHARDED,L1_BLOCK_SHARDED,BFLOAT8_B,64,20697,20724.86306484081
L1_BLOCK_SHARDED,L1_BLOCK_SHARDED,BFLOAT8_B,32,10683,10647.756487162093
L1_BLOCK_SHARDED,L1_BLOCK_SHARDED,BFLOAT8_B,128,40838,40879.07622019824
L1_BLOCK_SHARDED,L1_BLOCK_SHARDED,BFLOAT8_B,32,10639,10647.756487162093
L1_BLOCK_SHARDED,L1_BLOCK_SHARDED,BFLOAT8_B,16,5649,5609.203198322733
L1_BLOCK_SHARDED,L1_BLOCK_SHARDED,BFLOAT8_B,256,81111,81187.50253091312
L1_BLOCK_SHARDED,L1_BLOCK_SHARDED,BFLOAT8_B,128,40837,40879.07622019824
L1_BLOCK_SHARDED,L1_BLOCK_SHARDED,BFLOAT8_B,256,81146,81187.50253091312
L1_BLOCK_SHARDED,L1_BLOCK_SHARDED,BFLOAT8_B,64,20722,20724.86306484081
L1_BLOCK_SHARDED,L1_BLOCK_SHARDED,BFLOAT8_B,32,10679,10647.756487162093
L1_BLOCK_SHARDED,L1_BLOCK_SHARDED,BFLOAT8_B,128,40838,40879.07622019824
L1_BLOCK_SHARDED,L1_BLOCK_SHARDED,BFLOAT8_B,32,10643,10647.756487162093
L1_BLOCK_SHARDED,L1_BLOCK_SHARDED,BFLOAT8_B,16,5644,5609.203198322733
L1_BLOCK_SHARDED,L1_BLOCK_SHARDED,BFLOAT8_B,256,81106,81187.50253091312
L1_BLOCK_SHARDED,L1_BLOCK_SHARDED,BFLOAT8_B,128,40851,40879.07622019824
L1_BLOCK_SHARDED,L1_BLOCK_SHARDED,BFLOAT8_B,256,81158,81187.50253091312
L1_BLOCK_SHARDED,L1_BLOCK_SHARDED,BFLOAT8_B,64,20704,20724.86306484081
L1_BLOCK_SHARDED,L1_BLOCK_SHARDED,BFLOAT8_B,32,10683,10647.756487162093
L1_BLOCK_SHARDED,L1_BLOCK_SHARDED,BFLOAT8_B,128,40837,40879.07622019824
L1_BLOCK_SHARDED,L1_BLOCK_SHARDED,BFLOAT8_B,32,10639,10647.756487162093
L1_BLOCK_SHARDED,L1_BLOCK_SHARDED,BFLOAT8_B,16,5663,5609.203198322733
L1_BLOCK_SHARDED,L1_BLOCK_SHARDED,BFLOAT8_B,512,161800,161804.35515234288
L1_BLOCK_SHARDED,L1_BLOCK_SHARDED,BFLOAT8_B,256,81263,81187.50253091312
L1_BLOCK_SHARDED,L1_BLOCK_SHARDED,BFLOAT8_B,128,40962,40879.07622019824
L1_BLOCK_SHARDED,L1_BLOCK_SHARDED,BFLOAT8_B,512,161864,161804.35515234288
L1_BLOCK_SHARDED,L1_BLOCK_SHARDED,BFLOAT8_B,128,40940,40879.07622019824
L1_BLOCK_SHARDED,L1_BLOCK_SHARDED,BFLOAT8_B,64,20805,20724.86306484081
L1_BLOCK_SHARDED,L1_BLOCK_SHARDED,BFLOAT8_B,512,161806,161804.35515234288
L1_BLOCK_SHARDED,L1_BLOCK_SHARDED,BFLOAT8_B,256,81186,81187.50253091312
L1_BLOCK_SHARDED,L1_BLOCK_SHARDED,BFLOAT8_B,128,40923,40879.07622019824
L1_BLOCK_SHARDED,L1_BLOCK_SHARDED,BFLOAT8_B,512,161787,161804.35515234288
L1_BLOCK_SHARDED,L1_BLOCK_SHARDED,BFLOAT8_B,128,40872,40879.07622019824
L1_BLOCK_SHARDED,L1_BLOCK_SHARDED,BFLOAT8_B,64,20768,20724.86306484081
L1_BLOCK_SHARDED,L1_BLOCK_SHARDED,BFLOAT8_B,512,161806,161804.35515234288
L1_BLOCK_SHARDED,L1_BLOCK_SHARDED,BFLOAT8_B,256,81197,81187.50253091312
L1_BLOCK_SHARDED,L1_BLOCK_SHARDED,BFLOAT8_B,128,40931,40879.07622019824
L1_BLOCK_SHARDED,L1_BLOCK_SHARDED,BFLOAT8_B,512,161793,161804.35515234288
L1_BLOCK_SHARDED,L1_BLOCK_SHARDED,BFLOAT8_B,128,40872,40879.07622019824
L1_BLOCK_SHARDED,L1_BLOCK_SHARDED,BFLOAT8_B,64,20770,20724.86306484081
L1_BLOCK_SHARDED,L1_BLOCK_SHARDED,BFLOAT8_B,512,161813,161804.35515234288
L1_BLOCK_SHARDED,L1_BLOCK_SHARDED,BFLOAT8_B,256,81190,81187.50253091312
L1_BLOCK_SHARDED,L1_BLOCK_SHARDED,BFLOAT8_B,128,40913,40879.07622019824
L1_BLOCK_SHARDED,L1_BLOCK_SHARDED,BFLOAT8_B,512,161786,161804.35515234288
L1_BLOCK_SHARDED,L1_BLOCK_SHARDED,BFLOAT8_B,128,40867,40879.07622019824
L1_BLOCK_SHARDED,L1_BLOCK_SHARDED,BFLOAT8_B,64,20767,20724.86306484081
L1_BLOCK_SHARDED,L1_BLOCK_SHARDED,BFLOAT8_B,512,161798,161804.35515234288
L1_BLOCK_SHARDED,L1_BLOCK_SHARDED,BFLOAT8_B,256,81197,81187.50253091312
L1_BLOCK_SHARDED,L1_BLOCK_SHARDED,BFLOAT8_B,128,40924,40879.07622019824
L1_BLOCK_SHARDED,L1_BLOCK_SHARDED,BFLOAT8_B,512,161784,161804.35515234288
L1_BLOCK_SHARDED,L1_BLOCK_SHARDED,BFLOAT8_B,128,40862,40879.07622019824
L1_BLOCK_SHARDED,L1_BLOCK_SHARDED,BFLOAT8_B,64,20754,20724.86306484081
L1_BLOCK_SHARDED,L1_BLOCK_SHARDED,BFLOAT8_B,512,161814,161804.35515234288
L1_BLOCK_SHARDED,L1_BLOCK_SHARDED,BFLOAT8_B,256,81195,81187.50253091312
L1_BLOCK_SHARDED,L1_BLOCK_SHARDED,BFLOAT8_B,128,40925,40879.07622019824
L1_BLOCK_SHARDED,L1_BLOCK_SHARDED,BFLOAT8_B,512,161787,161804.35515234288
L1_BLOCK_SHARDED,L1_BLOCK_SHARDED,BFLOAT8_B,128,40876,40879.07622019824
L1_BLOCK_SHARDED,L1_BLOCK_SHARDED,BFLOAT8_B,64,20765,20724.86306484081
L1_BLOCK_SHARDED,L1_BLOCK_SHARDED,BFLOAT8_B,512,161805,161804.35515234288
L1_BLOCK_SHARDED,L1_BLOCK_SHARDED,BFLOAT8_B,256,81176,81187.50253091312
L1_BLOCK_SHARDED,L1_BLOCK_SHARDED,BFLOAT8_B,128,40913,40879.07622019824
L1_BLOCK_SHARDED,L1_BLOCK_SHARDED,BFLOAT8_B,512,161789,161804.35515234288
L1_BLOCK_SHARDED,L1_BLOCK_SHARDED,BFLOAT8_B,128,40879,40879.07622019824
L1_BLOCK_SHARDED,L1_BLOCK_SHARDED,BFLOAT8_B,64,20754,20724.86306484081
L1_BLOCK_SHARDED,L1_BLOCK_SHARDED,BFLOAT8_B,512,161812,161804.35515234288
L1_BLOCK_SHARDED,L1_BLOCK_SHARDED,BFLOAT8_B,256,81192,81187.50253091312
L1_BLOCK_SHARDED,L1_BLOCK_SHARDED,BFLOAT8_B,128,40917,40879.07622019824
L1_BLOCK_SHARDED,L1_BLOCK_SHARDED,BFLOAT8_B,512,161807,161804.35515234288
L1_BLOCK_SHARDED,L1_BLOCK_SHARDED,BFLOAT8_B,128,40871,40879.07622019824
L1_BLOCK_SHARDED,L1_BLOCK_SHARDED,BFLOAT8_B,64,20769,20724.86306484081
L1_BLOCK_SHARDED,L1_BLOCK_SHARDED,BFLOAT8_B,512,161807,161804.35515234288
L1_BLOCK_SHARDED,L1_BLOCK_SHARDED,BFLOAT8_B,256,81204,81187.50253091312
L1_BLOCK_SHARDED,L1_BLOCK_SHARDED,BFLOAT8_B,128,40916,40879.07622019824
L1_BLOCK_SHARDED,L1_BLOCK_SHARDED,BFLOAT8_B,512,161797,161804.35515234288
L1_BLOCK_SHARDED,L1_BLOCK_SHARDED,BFLOAT8_B,128,40870,40879.07622019824
L1_BLOCK_SHARDED,L1_BLOCK_SHARDED,BFLOAT8_B,64,20767,20724.86306484081
L1_BLOCK_SHARDED,L1_BLOCK_SHARDED,BFLOAT8_B,512,161795,161804.35515234288
L1_BLOCK_SHARDED,L1_BLOCK_SHARDED,BFLOAT8_B,256,81186,81187.50253091312
L1_BLOCK_SHARDED,L1_BLOCK_SHARDED,BFLOAT8_B,128,40928,40879.07622019824
L1_BLOCK_SHARDED,L1_BLOCK_SHARDED,BFLOAT8_B,512,161803,161804.35515234288
L1_BLOCK_SHARDED,L1_BLOCK_SHARDED,BFLOAT8_B,128,40860,40879.07622019824
L1_BLOCK_SHARDED,L1_BLOCK_SHARDED,BFLOAT8_B,64,20755,20724.86306484081
