DEVICE KERNEL DURATION [ns],NUM_TILES,INPUT_0_DATATYPE,INPUT_0_MEMORY,OUTPUT_0_MEMORY
772,1,BFLOAT16,L1_HEIGHT_SHARDED,L1_HEIGHT_SHARDED
766,1,BFLOAT16,L1_HEIGHT_SHARDED,L1_HEIGHT_SHARDED
779,1,BFLOAT16,L1_HEIGHT_SHARDED,L1_HEIGHT_SHARDED
774,1,BFLOAT16,L1_HEIGHT_SHARDED,L1_HEIGHT_SHARDED
780,1,BFLOAT16,L1_HEIGHT_SHARDED,L1_HEIGHT_SHARDED
765,1,BFLOAT16,L1_HEIGHT_SHARDED,L1_HEIGHT_SHARDED
763,1,BFLOAT16,L1_HEIGHT_SHARDED,L1_HEIGHT_SHARDED
771,1,BFLOAT16,L1_HEIGHT_SHARDED,L1_HEIGHT_SHARDED
772,1,BFLOAT16,L1_HEIGHT_SHARDED,L1_HEIGHT_SHARDED
780,1,BFLOAT16,L1_HEIGHT_SHARDED,L1_HEIGHT_SHARDED
5622,16,BFLOAT16,L1_HEIGHT_SHARDED,L1_HEIGHT_SHARDED
1835,4,BFLOAT16,L1_HEIGHT_SHARDED,L1_HEIGHT_SHARDED
5626,16,BFLOAT16,L1_HEIGHT_SHARDED,L1_HEIGHT_SHARDED
1777,4,BFLOAT16,L1_HEIGHT_SHARDED,L1_HEIGHT_SHARDED
5626,16,BFLOAT16,L1_HEIGHT_SHARDED,L1_HEIGHT_SHARDED
1769,4,BFLOAT16,L1_HEIGHT_SHARDED,L1_HEIGHT_SHARDED
5627,16,BFLOAT16,L1_HEIGHT_SHARDED,L1_HEIGHT_SHARDED
1771,4,BFLOAT16,L1_HEIGHT_SHARDED,L1_HEIGHT_SHARDED
5626,16,BFLOAT16,L1_HEIGHT_SHARDED,L1_HEIGHT_SHARDED
1768,4,BFLOAT16,L1_HEIGHT_SHARDED,L1_HEIGHT_SHARDED
5615,16,BFLOAT16,L1_HEIGHT_SHARDED,L1_HEIGHT_SHARDED
1773,4,BFLOAT16,L1_HEIGHT_SHARDED,L1_HEIGHT_SHARDED
5628,16,BFLOAT16,L1_HEIGHT_SHARDED,L1_HEIGHT_SHARDED
1781,4,BFLOAT16,L1_HEIGHT_SHARDED,L1_HEIGHT_SHARDED
5619,16,BFLOAT16,L1_HEIGHT_SHARDED,L1_HEIGHT_SHARDED
1768,4,BFLOAT16,L1_HEIGHT_SHARDED,L1_HEIGHT_SHARDED
5622,16,BFLOAT16,L1_HEIGHT_SHARDED,L1_HEIGHT_SHARDED
1766,4,BFLOAT16,L1_HEIGHT_SHARDED,L1_HEIGHT_SHARDED
5633,16,BFLOAT16,L1_HEIGHT_SHARDED,L1_HEIGHT_SHARDED
1763,4,BFLOAT16,L1_HEIGHT_SHARDED,L1_HEIGHT_SHARDED
21146,64,BFLOAT16,L1_HEIGHT_SHARDED,L1_HEIGHT_SHARDED
5717,16,BFLOAT16,L1_HEIGHT_SHARDED,L1_HEIGHT_SHARDED
3129,8,BFLOAT16,L1_HEIGHT_SHARDED,L1_HEIGHT_SHARDED
21143,64,BFLOAT16,L1_HEIGHT_SHARDED,L1_HEIGHT_SHARDED
5645,16,BFLOAT16,L1_HEIGHT_SHARDED,L1_HEIGHT_SHARDED
3114,8,BFLOAT16,L1_HEIGHT_SHARDED,L1_HEIGHT_SHARDED
21144,64,BFLOAT16,L1_HEIGHT_SHARDED,L1_HEIGHT_SHARDED
5648,16,BFLOAT16,L1_HEIGHT_SHARDED,L1_HEIGHT_SHARDED
3108,8,BFLOAT16,L1_HEIGHT_SHARDED,L1_HEIGHT_SHARDED
21147,64,BFLOAT16,L1_HEIGHT_SHARDED,L1_HEIGHT_SHARDED
5658,16,BFLOAT16,L1_HEIGHT_SHARDED,L1_HEIGHT_SHARDED
3121,8,BFLOAT16,L1_HEIGHT_SHARDED,L1_HEIGHT_SHARDED
21155,64,BFLOAT16,L1_HEIGHT_SHARDED,L1_HEIGHT_SHARDED
5654,16,BFLOAT16,L1_HEIGHT_SHARDED,L1_HEIGHT_SHARDED
3110,8,BFLOAT16,L1_HEIGHT_SHARDED,L1_HEIGHT_SHARDED
21149,64,BFLOAT16,L1_HEIGHT_SHARDED,L1_HEIGHT_SHARDED
5648,16,BFLOAT16,L1_HEIGHT_SHARDED,L1_HEIGHT_SHARDED
3109,8,BFLOAT16,L1_HEIGHT_SHARDED,L1_HEIGHT_SHARDED
21146,64,BFLOAT16,L1_HEIGHT_SHARDED,L1_HEIGHT_SHARDED
5653,16,BFLOAT16,L1_HEIGHT_SHARDED,L1_HEIGHT_SHARDED
3123,8,BFLOAT16,L1_HEIGHT_SHARDED,L1_HEIGHT_SHARDED
21143,64,BFLOAT16,L1_HEIGHT_SHARDED,L1_HEIGHT_SHARDED
5651,16,BFLOAT16,L1_HEIGHT_SHARDED,L1_HEIGHT_SHARDED
3111,8,BFLOAT16,L1_HEIGHT_SHARDED,L1_HEIGHT_SHARDED
21148,64,BFLOAT16,L1_HEIGHT_SHARDED,L1_HEIGHT_SHARDED
5648,16,BFLOAT16,L1_HEIGHT_SHARDED,L1_HEIGHT_SHARDED
3109,8,BFLOAT16,L1_HEIGHT_SHARDED,L1_HEIGHT_SHARDED
21146,64,BFLOAT16,L1_HEIGHT_SHARDED,L1_HEIGHT_SHARDED
5652,16,BFLOAT16,L1_HEIGHT_SHARDED,L1_HEIGHT_SHARDED
3120,8,BFLOAT16,L1_HEIGHT_SHARDED,L1_HEIGHT_SHARDED
83264,256,BFLOAT16,L1_HEIGHT_SHARDED,L1_HEIGHT_SHARDED
41940,128,BFLOAT16,L1_HEIGHT_SHARDED,L1_HEIGHT_SHARDED
11032,32,BFLOAT16,L1_HEIGHT_SHARDED,L1_HEIGHT_SHARDED
83267,256,BFLOAT16,L1_HEIGHT_SHARDED,L1_HEIGHT_SHARDED
41920,128,BFLOAT16,L1_HEIGHT_SHARDED,L1_HEIGHT_SHARDED
10959,32,BFLOAT16,L1_HEIGHT_SHARDED,L1_HEIGHT_SHARDED
83271,256,BFLOAT16,L1_HEIGHT_SHARDED,L1_HEIGHT_SHARDED
41918,128,BFLOAT16,L1_HEIGHT_SHARDED,L1_HEIGHT_SHARDED
10950,32,BFLOAT16,L1_HEIGHT_SHARDED,L1_HEIGHT_SHARDED
83267,256,BFLOAT16,L1_HEIGHT_SHARDED,L1_HEIGHT_SHARDED
41924,128,BFLOAT16,L1_HEIGHT_SHARDED,L1_HEIGHT_SHARDED
10959,32,BFLOAT16,L1_HEIGHT_SHARDED,L1_HEIGHT_SHARDED
83273,256,BFLOAT16,L1_HEIGHT_SHARDED,L1_HEIGHT_SHARDED
41918,128,BFLOAT16,L1_HEIGHT_SHARDED,L1_HEIGHT_SHARDED
10953,32,BFLOAT16,L1_HEIGHT_SHARDED,L1_HEIGHT_SHARDED
83255,256,BFLOAT16,L1_HEIGHT_SHARDED,L1_HEIGHT_SHARDED
41934,128,BFLOAT16,L1_HEIGHT_SHARDED,L1_HEIGHT_SHARDED
10969,32,BFLOAT16,L1_HEIGHT_SHARDED,L1_HEIGHT_SHARDED
83273,256,BFLOAT16,L1_HEIGHT_SHARDED,L1_HEIGHT_SHARDED
41924,128,BFLOAT16,L1_HEIGHT_SHARDED,L1_HEIGHT_SHARDED
10955,32,BFLOAT16,L1_HEIGHT_SHARDED,L1_HEIGHT_SHARDED
83268,256,BFLOAT16,L1_HEIGHT_SHARDED,L1_HEIGHT_SHARDED
41927,128,BFLOAT16,L1_HEIGHT_SHARDED,L1_HEIGHT_SHARDED
10974,32,BFLOAT16,L1_HEIGHT_SHARDED,L1_HEIGHT_SHARDED
83273,256,BFLOAT16,L1_HEIGHT_SHARDED,L1_HEIGHT_SHARDED
41930,128,BFLOAT16,L1_HEIGHT_SHARDED,L1_HEIGHT_SHARDED
10953,32,BFLOAT16,L1_HEIGHT_SHARDED,L1_HEIGHT_SHARDED
83281,256,BFLOAT16,L1_HEIGHT_SHARDED,L1_HEIGHT_SHARDED
41914,128,BFLOAT16,L1_HEIGHT_SHARDED,L1_HEIGHT_SHARDED
10969,32,BFLOAT16,L1_HEIGHT_SHARDED,L1_HEIGHT_SHARDED
41999,128,BFLOAT16,L1_HEIGHT_SHARDED,L1_HEIGHT_SHARDED
21369,64,BFLOAT16,L1_HEIGHT_SHARDED,L1_HEIGHT_SHARDED
42014,128,BFLOAT16,L1_HEIGHT_SHARDED,L1_HEIGHT_SHARDED
21312,64,BFLOAT16,L1_HEIGHT_SHARDED,L1_HEIGHT_SHARDED
41998,128,BFLOAT16,L1_HEIGHT_SHARDED,L1_HEIGHT_SHARDED
21299,64,BFLOAT16,L1_HEIGHT_SHARDED,L1_HEIGHT_SHARDED
42012,128,BFLOAT16,L1_HEIGHT_SHARDED,L1_HEIGHT_SHARDED
21300,64,BFLOAT16,L1_HEIGHT_SHARDED,L1_HEIGHT_SHARDED
42013,128,BFLOAT16,L1_HEIGHT_SHARDED,L1_HEIGHT_SHARDED
21302,64,BFLOAT16,L1_HEIGHT_SHARDED,L1_HEIGHT_SHARDED
42002,128,BFLOAT16,L1_HEIGHT_SHARDED,L1_HEIGHT_SHARDED
21307,64,BFLOAT16,L1_HEIGHT_SHARDED,L1_HEIGHT_SHARDED
42006,128,BFLOAT16,L1_HEIGHT_SHARDED,L1_HEIGHT_SHARDED
21314,64,BFLOAT16,L1_HEIGHT_SHARDED,L1_HEIGHT_SHARDED
42011,128,BFLOAT16,L1_HEIGHT_SHARDED,L1_HEIGHT_SHARDED
21304,64,BFLOAT16,L1_HEIGHT_SHARDED,L1_HEIGHT_SHARDED
42001,128,BFLOAT16,L1_HEIGHT_SHARDED,L1_HEIGHT_SHARDED
21301,64,BFLOAT16,L1_HEIGHT_SHARDED,L1_HEIGHT_SHARDED
42008,128,BFLOAT16,L1_HEIGHT_SHARDED,L1_HEIGHT_SHARDED
21312,64,BFLOAT16,L1_HEIGHT_SHARDED,L1_HEIGHT_SHARDED
764,1,BFLOAT16,L1_WIDTH_SHARDED,L1_WIDTH_SHARDED
772,1,BFLOAT16,L1_WIDTH_SHARDED,L1_WIDTH_SHARDED
775,1,BFLOAT16,L1_WIDTH_SHARDED,L1_WIDTH_SHARDED
770,1,BFLOAT16,L1_WIDTH_SHARDED,L1_WIDTH_SHARDED
775,1,BFLOAT16,L1_WIDTH_SHARDED,L1_WIDTH_SHARDED
771,1,BFLOAT16,L1_WIDTH_SHARDED,L1_WIDTH_SHARDED
777,1,BFLOAT16,L1_WIDTH_SHARDED,L1_WIDTH_SHARDED
776,1,BFLOAT16,L1_WIDTH_SHARDED,L1_WIDTH_SHARDED
764,1,BFLOAT16,L1_WIDTH_SHARDED,L1_WIDTH_SHARDED
766,1,BFLOAT16,L1_WIDTH_SHARDED,L1_WIDTH_SHARDED
5624,16,BFLOAT16,L1_WIDTH_SHARDED,L1_WIDTH_SHARDED
1822,4,BFLOAT16,L1_WIDTH_SHARDED,L1_WIDTH_SHARDED
5632,16,BFLOAT16,L1_WIDTH_SHARDED,L1_WIDTH_SHARDED
1767,4,BFLOAT16,L1_WIDTH_SHARDED,L1_WIDTH_SHARDED
5623,16,BFLOAT16,L1_WIDTH_SHARDED,L1_WIDTH_SHARDED
1780,4,BFLOAT16,L1_WIDTH_SHARDED,L1_WIDTH_SHARDED
5618,16,BFLOAT16,L1_WIDTH_SHARDED,L1_WIDTH_SHARDED
1769,4,BFLOAT16,L1_WIDTH_SHARDED,L1_WIDTH_SHARDED
5618,16,BFLOAT16,L1_WIDTH_SHARDED,L1_WIDTH_SHARDED
1775,4,BFLOAT16,L1_WIDTH_SHARDED,L1_WIDTH_SHARDED
5627,16,BFLOAT16,L1_WIDTH_SHARDED,L1_WIDTH_SHARDED
1776,4,BFLOAT16,L1_WIDTH_SHARDED,L1_WIDTH_SHARDED
5623,16,BFLOAT16,L1_WIDTH_SHARDED,L1_WIDTH_SHARDED
1766,4,BFLOAT16,L1_WIDTH_SHARDED,L1_WIDTH_SHARDED
5619,16,BFLOAT16,L1_WIDTH_SHARDED,L1_WIDTH_SHARDED
1768,4,BFLOAT16,L1_WIDTH_SHARDED,L1_WIDTH_SHARDED
5625,16,BFLOAT16,L1_WIDTH_SHARDED,L1_WIDTH_SHARDED
1775,4,BFLOAT16,L1_WIDTH_SHARDED,L1_WIDTH_SHARDED
5632,16,BFLOAT16,L1_WIDTH_SHARDED,L1_WIDTH_SHARDED
1767,4,BFLOAT16,L1_WIDTH_SHARDED,L1_WIDTH_SHARDED
21146,64,BFLOAT16,L1_WIDTH_SHARDED,L1_WIDTH_SHARDED
5704,16,BFLOAT16,L1_WIDTH_SHARDED,L1_WIDTH_SHARDED
3135,8,BFLOAT16,L1_WIDTH_SHARDED,L1_WIDTH_SHARDED
21130,64,BFLOAT16,L1_WIDTH_SHARDED,L1_WIDTH_SHARDED
5654,16,BFLOAT16,L1_WIDTH_SHARDED,L1_WIDTH_SHARDED
3119,8,BFLOAT16,L1_WIDTH_SHARDED,L1_WIDTH_SHARDED
21146,64,BFLOAT16,L1_WIDTH_SHARDED,L1_WIDTH_SHARDED
5655,16,BFLOAT16,L1_WIDTH_SHARDED,L1_WIDTH_SHARDED
3118,8,BFLOAT16,L1_WIDTH_SHARDED,L1_WIDTH_SHARDED
21155,64,BFLOAT16,L1_WIDTH_SHARDED,L1_WIDTH_SHARDED
5643,16,BFLOAT16,L1_WIDTH_SHARDED,L1_WIDTH_SHARDED
3124,8,BFLOAT16,L1_WIDTH_SHARDED,L1_WIDTH_SHARDED
21145,64,BFLOAT16,L1_WIDTH_SHARDED,L1_WIDTH_SHARDED
5649,16,BFLOAT16,L1_WIDTH_SHARDED,L1_WIDTH_SHARDED
3123,8,BFLOAT16,L1_WIDTH_SHARDED,L1_WIDTH_SHARDED
21153,64,BFLOAT16,L1_WIDTH_SHARDED,L1_WIDTH_SHARDED
5645,16,BFLOAT16,L1_WIDTH_SHARDED,L1_WIDTH_SHARDED
3127,8,BFLOAT16,L1_WIDTH_SHARDED,L1_WIDTH_SHARDED
21148,64,BFLOAT16,L1_WIDTH_SHARDED,L1_WIDTH_SHARDED
5647,16,BFLOAT16,L1_WIDTH_SHARDED,L1_WIDTH_SHARDED
3124,8,BFLOAT16,L1_WIDTH_SHARDED,L1_WIDTH_SHARDED
21147,64,BFLOAT16,L1_WIDTH_SHARDED,L1_WIDTH_SHARDED
5637,16,BFLOAT16,L1_WIDTH_SHARDED,L1_WIDTH_SHARDED
3108,8,BFLOAT16,L1_WIDTH_SHARDED,L1_WIDTH_SHARDED
21144,64,BFLOAT16,L1_WIDTH_SHARDED,L1_WIDTH_SHARDED
5655,16,BFLOAT16,L1_WIDTH_SHARDED,L1_WIDTH_SHARDED
3127,8,BFLOAT16,L1_WIDTH_SHARDED,L1_WIDTH_SHARDED
21137,64,BFLOAT16,L1_WIDTH_SHARDED,L1_WIDTH_SHARDED
5644,16,BFLOAT16,L1_WIDTH_SHARDED,L1_WIDTH_SHARDED
3131,8,BFLOAT16,L1_WIDTH_SHARDED,L1_WIDTH_SHARDED
83274,256,BFLOAT16,L1_WIDTH_SHARDED,L1_WIDTH_SHARDED
41932,128,BFLOAT16,L1_WIDTH_SHARDED,L1_WIDTH_SHARDED
11055,32,BFLOAT16,L1_WIDTH_SHARDED,L1_WIDTH_SHARDED
83277,256,BFLOAT16,L1_WIDTH_SHARDED,L1_WIDTH_SHARDED
41928,128,BFLOAT16,L1_WIDTH_SHARDED,L1_WIDTH_SHARDED
10956,32,BFLOAT16,L1_WIDTH_SHARDED,L1_WIDTH_SHARDED
83255,256,BFLOAT16,L1_WIDTH_SHARDED,L1_WIDTH_SHARDED
41929,128,BFLOAT16,L1_WIDTH_SHARDED,L1_WIDTH_SHARDED
10971,32,BFLOAT16,L1_WIDTH_SHARDED,L1_WIDTH_SHARDED
83275,256,BFLOAT16,L1_WIDTH_SHARDED,L1_WIDTH_SHARDED
41916,128,BFLOAT16,L1_WIDTH_SHARDED,L1_WIDTH_SHARDED
10963,32,BFLOAT16,L1_WIDTH_SHARDED,L1_WIDTH_SHARDED
83267,256,BFLOAT16,L1_WIDTH_SHARDED,L1_WIDTH_SHARDED
41937,128,BFLOAT16,L1_WIDTH_SHARDED,L1_WIDTH_SHARDED
10965,32,BFLOAT16,L1_WIDTH_SHARDED,L1_WIDTH_SHARDED
83266,256,BFLOAT16,L1_WIDTH_SHARDED,L1_WIDTH_SHARDED
41941,128,BFLOAT16,L1_WIDTH_SHARDED,L1_WIDTH_SHARDED
10979,32,BFLOAT16,L1_WIDTH_SHARDED,L1_WIDTH_SHARDED
83260,256,BFLOAT16,L1_WIDTH_SHARDED,L1_WIDTH_SHARDED
41932,128,BFLOAT16,L1_WIDTH_SHARDED,L1_WIDTH_SHARDED
10956,32,BFLOAT16,L1_WIDTH_SHARDED,L1_WIDTH_SHARDED
83275,256,BFLOAT16,L1_WIDTH_SHARDED,L1_WIDTH_SHARDED
41920,128,BFLOAT16,L1_WIDTH_SHARDED,L1_WIDTH_SHARDED
10959,32,BFLOAT16,L1_WIDTH_SHARDED,L1_WIDTH_SHARDED
83272,256,BFLOAT16,L1_WIDTH_SHARDED,L1_WIDTH_SHARDED
41917,128,BFLOAT16,L1_WIDTH_SHARDED,L1_WIDTH_SHARDED
10952,32,BFLOAT16,L1_WIDTH_SHARDED,L1_WIDTH_SHARDED
83261,256,BFLOAT16,L1_WIDTH_SHARDED,L1_WIDTH_SHARDED
41915,128,BFLOAT16,L1_WIDTH_SHARDED,L1_WIDTH_SHARDED
10969,32,BFLOAT16,L1_WIDTH_SHARDED,L1_WIDTH_SHARDED
41993,128,BFLOAT16,L1_WIDTH_SHARDED,L1_WIDTH_SHARDED
21377,64,BFLOAT16,L1_WIDTH_SHARDED,L1_WIDTH_SHARDED
42009,128,BFLOAT16,L1_WIDTH_SHARDED,L1_WIDTH_SHARDED
21301,64,BFLOAT16,L1_WIDTH_SHARDED,L1_WIDTH_SHARDED
42011,128,BFLOAT16,L1_WIDTH_SHARDED,L1_WIDTH_SHARDED
21320,64,BFLOAT16,L1_WIDTH_SHARDED,L1_WIDTH_SHARDED
42015,128,BFLOAT16,L1_WIDTH_SHARDED,L1_WIDTH_SHARDED
21314,64,BFLOAT16,L1_WIDTH_SHARDED,L1_WIDTH_SHARDED
42006,128,BFLOAT16,L1_WIDTH_SHARDED,L1_WIDTH_SHARDED
21316,64,BFLOAT16,L1_WIDTH_SHARDED,L1_WIDTH_SHARDED
42010,128,BFLOAT16,L1_WIDTH_SHARDED,L1_WIDTH_SHARDED
21308,64,BFLOAT16,L1_WIDTH_SHARDED,L1_WIDTH_SHARDED
42004,128,BFLOAT16,L1_WIDTH_SHARDED,L1_WIDTH_SHARDED
21310,64,BFLOAT16,L1_WIDTH_SHARDED,L1_WIDTH_SHARDED
42006,128,BFLOAT16,L1_WIDTH_SHARDED,L1_WIDTH_SHARDED
21317,64,BFLOAT16,L1_WIDTH_SHARDED,L1_WIDTH_SHARDED
42010,128,BFLOAT16,L1_WIDTH_SHARDED,L1_WIDTH_SHARDED
21316,64,BFLOAT16,L1_WIDTH_SHARDED,L1_WIDTH_SHARDED
42004,128,BFLOAT16,L1_WIDTH_SHARDED,L1_WIDTH_SHARDED
21307,64,BFLOAT16,L1_WIDTH_SHARDED,L1_WIDTH_SHARDED
764,1,BFLOAT16,L1_BLOCK_SHARDED,L1_BLOCK_SHARDED
768,1,BFLOAT16,L1_BLOCK_SHARDED,L1_BLOCK_SHARDED
770,1,BFLOAT16,L1_BLOCK_SHARDED,L1_BLOCK_SHARDED
767,1,BFLOAT16,L1_BLOCK_SHARDED,L1_BLOCK_SHARDED
770,1,BFLOAT16,L1_BLOCK_SHARDED,L1_BLOCK_SHARDED
768,1,BFLOAT16,L1_BLOCK_SHARDED,L1_BLOCK_SHARDED
771,1,BFLOAT16,L1_BLOCK_SHARDED,L1_BLOCK_SHARDED
766,1,BFLOAT16,L1_BLOCK_SHARDED,L1_BLOCK_SHARDED
769,1,BFLOAT16,L1_BLOCK_SHARDED,L1_BLOCK_SHARDED
766,1,BFLOAT16,L1_BLOCK_SHARDED,L1_BLOCK_SHARDED
5622,16,BFLOAT16,L1_BLOCK_SHARDED,L1_BLOCK_SHARDED
1830,4,BFLOAT16,L1_BLOCK_SHARDED,L1_BLOCK_SHARDED
1904,4,BFLOAT16,L1_BLOCK_SHARDED,L1_BLOCK_SHARDED
947,1,BFLOAT16,L1_BLOCK_SHARDED,L1_BLOCK_SHARDED
5625,16,BFLOAT16,L1_BLOCK_SHARDED,L1_BLOCK_SHARDED
1782,4,BFLOAT16,L1_BLOCK_SHARDED,L1_BLOCK_SHARDED
1816,4,BFLOAT16,L1_BLOCK_SHARDED,L1_BLOCK_SHARDED
893,1,BFLOAT16,L1_BLOCK_SHARDED,L1_BLOCK_SHARDED
5625,16,BFLOAT16,L1_BLOCK_SHARDED,L1_BLOCK_SHARDED
1764,4,BFLOAT16,L1_BLOCK_SHARDED,L1_BLOCK_SHARDED
1819,4,BFLOAT16,L1_BLOCK_SHARDED,L1_BLOCK_SHARDED
869,1,BFLOAT16,L1_BLOCK_SHARDED,L1_BLOCK_SHARDED
5628,16,BFLOAT16,L1_BLOCK_SHARDED,L1_BLOCK_SHARDED
1761,4,BFLOAT16,L1_BLOCK_SHARDED,L1_BLOCK_SHARDED
1809,4,BFLOAT16,L1_BLOCK_SHARDED,L1_BLOCK_SHARDED
866,1,BFLOAT16,L1_BLOCK_SHARDED,L1_BLOCK_SHARDED
5627,16,BFLOAT16,L1_BLOCK_SHARDED,L1_BLOCK_SHARDED
1772,4,BFLOAT16,L1_BLOCK_SHARDED,L1_BLOCK_SHARDED
1810,4,BFLOAT16,L1_BLOCK_SHARDED,L1_BLOCK_SHARDED
875,1,BFLOAT16,L1_BLOCK_SHARDED,L1_BLOCK_SHARDED
5624,16,BFLOAT16,L1_BLOCK_SHARDED,L1_BLOCK_SHARDED
1767,4,BFLOAT16,L1_BLOCK_SHARDED,L1_BLOCK_SHARDED
1828,4,BFLOAT16,L1_BLOCK_SHARDED,L1_BLOCK_SHARDED
867,1,BFLOAT16,L1_BLOCK_SHARDED,L1_BLOCK_SHARDED
5623,16,BFLOAT16,L1_BLOCK_SHARDED,L1_BLOCK_SHARDED
1778,4,BFLOAT16,L1_BLOCK_SHARDED,L1_BLOCK_SHARDED
1804,4,BFLOAT16,L1_BLOCK_SHARDED,L1_BLOCK_SHARDED
902,1,BFLOAT16,L1_BLOCK_SHARDED,L1_BLOCK_SHARDED
5620,16,BFLOAT16,L1_BLOCK_SHARDED,L1_BLOCK_SHARDED
1769,4,BFLOAT16,L1_BLOCK_SHARDED,L1_BLOCK_SHARDED
1824,4,BFLOAT16,L1_BLOCK_SHARDED,L1_BLOCK_SHARDED
881,1,BFLOAT16,L1_BLOCK_SHARDED,L1_BLOCK_SHARDED
5631,16,BFLOAT16,L1_BLOCK_SHARDED,L1_BLOCK_SHARDED
1779,4,BFLOAT16,L1_BLOCK_SHARDED,L1_BLOCK_SHARDED
1806,4,BFLOAT16,L1_BLOCK_SHARDED,L1_BLOCK_SHARDED
869,1,BFLOAT16,L1_BLOCK_SHARDED,L1_BLOCK_SHARDED
5626,16,BFLOAT16,L1_BLOCK_SHARDED,L1_BLOCK_SHARDED
1777,4,BFLOAT16,L1_BLOCK_SHARDED,L1_BLOCK_SHARDED
1812,4,BFLOAT16,L1_BLOCK_SHARDED,L1_BLOCK_SHARDED
879,1,BFLOAT16,L1_BLOCK_SHARDED,L1_BLOCK_SHARDED
21146,64,BFLOAT16,L1_BLOCK_SHARDED,L1_BLOCK_SHARDED
5711,16,BFLOAT16,L1_BLOCK_SHARDED,L1_BLOCK_SHARDED
3120,8,BFLOAT16,L1_BLOCK_SHARDED,L1_BLOCK_SHARDED
5770,16,BFLOAT16,L1_BLOCK_SHARDED,L1_BLOCK_SHARDED
1909,4,BFLOAT16,L1_BLOCK_SHARDED,L1_BLOCK_SHARDED
1300,2,BFLOAT16,L1_BLOCK_SHARDED,L1_BLOCK_SHARDED
3184,8,BFLOAT16,L1_BLOCK_SHARDED,L1_BLOCK_SHARDED
1256,2,BFLOAT16,L1_BLOCK_SHARDED,L1_BLOCK_SHARDED
968,1,BFLOAT16,L1_BLOCK_SHARDED,L1_BLOCK_SHARDED
21147,64,BFLOAT16,L1_BLOCK_SHARDED,L1_BLOCK_SHARDED
5643,16,BFLOAT16,L1_BLOCK_SHARDED,L1_BLOCK_SHARDED
3110,8,BFLOAT16,L1_BLOCK_SHARDED,L1_BLOCK_SHARDED
5705,16,BFLOAT16,L1_BLOCK_SHARDED,L1_BLOCK_SHARDED
1866,4,BFLOAT16,L1_BLOCK_SHARDED,L1_BLOCK_SHARDED
1263,2,BFLOAT16,L1_BLOCK_SHARDED,L1_BLOCK_SHARDED
3111,8,BFLOAT16,L1_BLOCK_SHARDED,L1_BLOCK_SHARDED
1208,2,BFLOAT16,L1_BLOCK_SHARDED,L1_BLOCK_SHARDED
936,1,BFLOAT16,L1_BLOCK_SHARDED,L1_BLOCK_SHARDED
21144,64,BFLOAT16,L1_BLOCK_SHARDED,L1_BLOCK_SHARDED
5659,16,BFLOAT16,L1_BLOCK_SHARDED,L1_BLOCK_SHARDED
3119,8,BFLOAT16,L1_BLOCK_SHARDED,L1_BLOCK_SHARDED
5697,16,BFLOAT16,L1_BLOCK_SHARDED,L1_BLOCK_SHARDED
1854,4,BFLOAT16,L1_BLOCK_SHARDED,L1_BLOCK_SHARDED
1249,2,BFLOAT16,L1_BLOCK_SHARDED,L1_BLOCK_SHARDED
3099,8,BFLOAT16,L1_BLOCK_SHARDED,L1_BLOCK_SHARDED
1211,2,BFLOAT16,L1_BLOCK_SHARDED,L1_BLOCK_SHARDED
933,1,BFLOAT16,L1_BLOCK_SHARDED,L1_BLOCK_SHARDED
21146,64,BFLOAT16,L1_BLOCK_SHARDED,L1_BLOCK_SHARDED
5635,16,BFLOAT16,L1_BLOCK_SHARDED,L1_BLOCK_SHARDED
3114,8,BFLOAT16,L1_BLOCK_SHARDED,L1_BLOCK_SHARDED
5681,16,BFLOAT16,L1_BLOCK_SHARDED,L1_BLOCK_SHARDED
1867,4,BFLOAT16,L1_BLOCK_SHARDED,L1_BLOCK_SHARDED
1252,2,BFLOAT16,L1_BLOCK_SHARDED,L1_BLOCK_SHARDED
3102,8,BFLOAT16,L1_BLOCK_SHARDED,L1_BLOCK_SHARDED
1216,2,BFLOAT16,L1_BLOCK_SHARDED,L1_BLOCK_SHARDED
917,1,BFLOAT16,L1_BLOCK_SHARDED,L1_BLOCK_SHARDED
21144,64,BFLOAT16,L1_BLOCK_SHARDED,L1_BLOCK_SHARDED
5656,16,BFLOAT16,L1_BLOCK_SHARDED,L1_BLOCK_SHARDED
3117,8,BFLOAT16,L1_BLOCK_SHARDED,L1_BLOCK_SHARDED
5710,16,BFLOAT16,L1_BLOCK_SHARDED,L1_BLOCK_SHARDED
1853,4,BFLOAT16,L1_BLOCK_SHARDED,L1_BLOCK_SHARDED
1272,2,BFLOAT16,L1_BLOCK_SHARDED,L1_BLOCK_SHARDED
3113,8,BFLOAT16,L1_BLOCK_SHARDED,L1_BLOCK_SHARDED
1214,2,BFLOAT16,L1_BLOCK_SHARDED,L1_BLOCK_SHARDED
924,1,BFLOAT16,L1_BLOCK_SHARDED,L1_BLOCK_SHARDED
21153,64,BFLOAT16,L1_BLOCK_SHARDED,L1_BLOCK_SHARDED
5643,16,BFLOAT16,L1_BLOCK_SHARDED,L1_BLOCK_SHARDED
3134,8,BFLOAT16,L1_BLOCK_SHARDED,L1_BLOCK_SHARDED
5690,16,BFLOAT16,L1_BLOCK_SHARDED,L1_BLOCK_SHARDED
1862,4,BFLOAT16,L1_BLOCK_SHARDED,L1_BLOCK_SHARDED
1260,2,BFLOAT16,L1_BLOCK_SHARDED,L1_BLOCK_SHARDED
3110,8,BFLOAT16,L1_BLOCK_SHARDED,L1_BLOCK_SHARDED
1220,2,BFLOAT16,L1_BLOCK_SHARDED,L1_BLOCK_SHARDED
932,1,BFLOAT16,L1_BLOCK_SHARDED,L1_BLOCK_SHARDED
21149,64,BFLOAT16,L1_BLOCK_SHARDED,L1_BLOCK_SHARDED
5649,16,BFLOAT16,L1_BLOCK_SHARDED,L1_BLOCK_SHARDED
3116,8,BFLOAT16,L1_BLOCK_SHARDED,L1_BLOCK_SHARDED
5686,16,BFLOAT16,L1_BLOCK_SHARDED,L1_BLOCK_SHARDED
1852,4,BFLOAT16,L1_BLOCK_SHARDED,L1_BLOCK_SHARDED
1262,2,BFLOAT16,L1_BLOCK_SHARDED,L1_BLOCK_SHARDED
3110,8,BFLOAT16,L1_BLOCK_SHARDED,L1_BLOCK_SHARDED
1220,2,BFLOAT16,L1_BLOCK_SHARDED,L1_BLOCK_SHARDED
935,1,BFLOAT16,L1_BLOCK_SHARDED,L1_BLOCK_SHARDED
21150,64,BFLOAT16,L1_BLOCK_SHARDED,L1_BLOCK_SHARDED
5653,16,BFLOAT16,L1_BLOCK_SHARDED,L1_BLOCK_SHARDED
3110,8,BFLOAT16,L1_BLOCK_SHARDED,L1_BLOCK_SHARDED
5705,16,BFLOAT16,L1_BLOCK_SHARDED,L1_BLOCK_SHARDED
1862,4,BFLOAT16,L1_BLOCK_SHARDED,L1_BLOCK_SHARDED
1265,2,BFLOAT16,L1_BLOCK_SHARDED,L1_BLOCK_SHARDED
3108,8,BFLOAT16,L1_BLOCK_SHARDED,L1_BLOCK_SHARDED
1208,2,BFLOAT16,L1_BLOCK_SHARDED,L1_BLOCK_SHARDED
930,1,BFLOAT16,L1_BLOCK_SHARDED,L1_BLOCK_SHARDED
21136,64,BFLOAT16,L1_BLOCK_SHARDED,L1_BLOCK_SHARDED
5645,16,BFLOAT16,L1_BLOCK_SHARDED,L1_BLOCK_SHARDED
3122,8,BFLOAT16,L1_BLOCK_SHARDED,L1_BLOCK_SHARDED
5685,16,BFLOAT16,L1_BLOCK_SHARDED,L1_BLOCK_SHARDED
1852,4,BFLOAT16,L1_BLOCK_SHARDED,L1_BLOCK_SHARDED
1255,2,BFLOAT16,L1_BLOCK_SHARDED,L1_BLOCK_SHARDED
3116,8,BFLOAT16,L1_BLOCK_SHARDED,L1_BLOCK_SHARDED
1221,2,BFLOAT16,L1_BLOCK_SHARDED,L1_BLOCK_SHARDED
935,1,BFLOAT16,L1_BLOCK_SHARDED,L1_BLOCK_SHARDED
21152,64,BFLOAT16,L1_BLOCK_SHARDED,L1_BLOCK_SHARDED
5651,16,BFLOAT16,L1_BLOCK_SHARDED,L1_BLOCK_SHARDED
3126,8,BFLOAT16,L1_BLOCK_SHARDED,L1_BLOCK_SHARDED
5704,16,BFLOAT16,L1_BLOCK_SHARDED,L1_BLOCK_SHARDED
1840,4,BFLOAT16,L1_BLOCK_SHARDED,L1_BLOCK_SHARDED
1263,2,BFLOAT16,L1_BLOCK_SHARDED,L1_BLOCK_SHARDED
3111,8,BFLOAT16,L1_BLOCK_SHARDED,L1_BLOCK_SHARDED
1197,2,BFLOAT16,L1_BLOCK_SHARDED,L1_BLOCK_SHARDED
946,1,BFLOAT16,L1_BLOCK_SHARDED,L1_BLOCK_SHARDED
83264,256,BFLOAT16,L1_BLOCK_SHARDED,L1_BLOCK_SHARDED
41927,128,BFLOAT16,L1_BLOCK_SHARDED,L1_BLOCK_SHARDED
83392,256,BFLOAT16,L1_BLOCK_SHARDED,L1_BLOCK_SHARDED
21327,64,BFLOAT16,L1_BLOCK_SHARDED,L1_BLOCK_SHARDED
11002,32,BFLOAT16,L1_BLOCK_SHARDED,L1_BLOCK_SHARDED
41985,128,BFLOAT16,L1_BLOCK_SHARDED,L1_BLOCK_SHARDED
10969,32,BFLOAT16,L1_BLOCK_SHARDED,L1_BLOCK_SHARDED
5823,16,BFLOAT16,L1_BLOCK_SHARDED,L1_BLOCK_SHARDED
83272,256,BFLOAT16,L1_BLOCK_SHARDED,L1_BLOCK_SHARDED
41920,128,BFLOAT16,L1_BLOCK_SHARDED,L1_BLOCK_SHARDED
83302,256,BFLOAT16,L1_BLOCK_SHARDED,L1_BLOCK_SHARDED
21257,64,BFLOAT16,L1_BLOCK_SHARDED,L1_BLOCK_SHARDED
10963,32,BFLOAT16,L1_BLOCK_SHARDED,L1_BLOCK_SHARDED
41921,128,BFLOAT16,L1_BLOCK_SHARDED,L1_BLOCK_SHARDED
10903,32,BFLOAT16,L1_BLOCK_SHARDED,L1_BLOCK_SHARDED
5798,16,BFLOAT16,L1_BLOCK_SHARDED,L1_BLOCK_SHARDED
83257,256,BFLOAT16,L1_BLOCK_SHARDED,L1_BLOCK_SHARDED
41935,128,BFLOAT16,L1_BLOCK_SHARDED,L1_BLOCK_SHARDED
83299,256,BFLOAT16,L1_BLOCK_SHARDED,L1_BLOCK_SHARDED
21266,64,BFLOAT16,L1_BLOCK_SHARDED,L1_BLOCK_SHARDED
10951,32,BFLOAT16,L1_BLOCK_SHARDED,L1_BLOCK_SHARDED
41927,128,BFLOAT16,L1_BLOCK_SHARDED,L1_BLOCK_SHARDED
10903,32,BFLOAT16,L1_BLOCK_SHARDED,L1_BLOCK_SHARDED
5768,16,BFLOAT16,L1_BLOCK_SHARDED,L1_BLOCK_SHARDED
83270,256,BFLOAT16,L1_BLOCK_SHARDED,L1_BLOCK_SHARDED
41932,128,BFLOAT16,L1_BLOCK_SHARDED,L1_BLOCK_SHARDED
83298,256,BFLOAT16,L1_BLOCK_SHARDED,L1_BLOCK_SHARDED
21263,64,BFLOAT16,L1_BLOCK_SHARDED,L1_BLOCK_SHARDED
10954,32,BFLOAT16,L1_BLOCK_SHARDED,L1_BLOCK_SHARDED
41919,128,BFLOAT16,L1_BLOCK_SHARDED,L1_BLOCK_SHARDED
10909,32,BFLOAT16,L1_BLOCK_SHARDED,L1_BLOCK_SHARDED
5783,16,BFLOAT16,L1_BLOCK_SHARDED,L1_BLOCK_SHARDED
83265,256,BFLOAT16,L1_BLOCK_SHARDED,L1_BLOCK_SHARDED
41927,128,BFLOAT16,L1_BLOCK_SHARDED,L1_BLOCK_SHARDED
83309,256,BFLOAT16,L1_BLOCK_SHARDED,L1_BLOCK_SHARDED
21258,64,BFLOAT16,L1_BLOCK_SHARDED,L1_BLOCK_SHARDED
10966,32,BFLOAT16,L1_BLOCK_SHARDED,L1_BLOCK_SHARDED
41912,128,BFLOAT16,L1_BLOCK_SHARDED,L1_BLOCK_SHARDED
10905,32,BFLOAT16,L1_BLOCK_SHARDED,L1_BLOCK_SHARDED
5775,16,BFLOAT16,L1_BLOCK_SHARDED,L1_BLOCK_SHARDED
83264,256,BFLOAT16,L1_BLOCK_SHARDED,L1_BLOCK_SHARDED
41924,128,BFLOAT16,L1_BLOCK_SHARDED,L1_BLOCK_SHARDED
83308,256,BFLOAT16,L1_BLOCK_SHARDED,L1_BLOCK_SHARDED
21257,64,BFLOAT16,L1_BLOCK_SHARDED,L1_BLOCK_SHARDED
10973,32,BFLOAT16,L1_BLOCK_SHARDED,L1_BLOCK_SHARDED
41920,128,BFLOAT16,L1_BLOCK_SHARDED,L1_BLOCK_SHARDED
10905,32,BFLOAT16,L1_BLOCK_SHARDED,L1_BLOCK_SHARDED
5787,16,BFLOAT16,L1_BLOCK_SHARDED,L1_BLOCK_SHARDED
83279,256,BFLOAT16,L1_BLOCK_SHARDED,L1_BLOCK_SHARDED
41921,128,BFLOAT16,L1_BLOCK_SHARDED,L1_BLOCK_SHARDED
83311,256,BFLOAT16,L1_BLOCK_SHARDED,L1_BLOCK_SHARDED
21260,64,BFLOAT16,L1_BLOCK_SHARDED,L1_BLOCK_SHARDED
10967,32,BFLOAT16,L1_BLOCK_SHARDED,L1_BLOCK_SHARDED
41915,128,BFLOAT16,L1_BLOCK_SHARDED,L1_BLOCK_SHARDED
10909,32,BFLOAT16,L1_BLOCK_SHARDED,L1_BLOCK_SHARDED
5780,16,BFLOAT16,L1_BLOCK_SHARDED,L1_BLOCK_SHARDED
83266,256,BFLOAT16,L1_BLOCK_SHARDED,L1_BLOCK_SHARDED
41935,128,BFLOAT16,L1_BLOCK_SHARDED,L1_BLOCK_SHARDED
83314,256,BFLOAT16,L1_BLOCK_SHARDED,L1_BLOCK_SHARDED
21248,64,BFLOAT16,L1_BLOCK_SHARDED,L1_BLOCK_SHARDED
10946,32,BFLOAT16,L1_BLOCK_SHARDED,L1_BLOCK_SHARDED
41925,128,BFLOAT16,L1_BLOCK_SHARDED,L1_BLOCK_SHARDED
10908,32,BFLOAT16,L1_BLOCK_SHARDED,L1_BLOCK_SHARDED
5778,16,BFLOAT16,L1_BLOCK_SHARDED,L1_BLOCK_SHARDED
83267,256,BFLOAT16,L1_BLOCK_SHARDED,L1_BLOCK_SHARDED
41927,128,BFLOAT16,L1_BLOCK_SHARDED,L1_BLOCK_SHARDED
83304,256,BFLOAT16,L1_BLOCK_SHARDED,L1_BLOCK_SHARDED
21244,64,BFLOAT16,L1_BLOCK_SHARDED,L1_BLOCK_SHARDED
10954,32,BFLOAT16,L1_BLOCK_SHARDED,L1_BLOCK_SHARDED
41909,128,BFLOAT16,L1_BLOCK_SHARDED,L1_BLOCK_SHARDED
10901,32,BFLOAT16,L1_BLOCK_SHARDED,L1_BLOCK_SHARDED
5782,16,BFLOAT16,L1_BLOCK_SHARDED,L1_BLOCK_SHARDED
83277,256,BFLOAT16,L1_BLOCK_SHARDED,L1_BLOCK_SHARDED
41926,128,BFLOAT16,L1_BLOCK_SHARDED,L1_BLOCK_SHARDED
83311,256,BFLOAT16,L1_BLOCK_SHARDED,L1_BLOCK_SHARDED
21259,64,BFLOAT16,L1_BLOCK_SHARDED,L1_BLOCK_SHARDED
10955,32,BFLOAT16,L1_BLOCK_SHARDED,L1_BLOCK_SHARDED
41929,128,BFLOAT16,L1_BLOCK_SHARDED,L1_BLOCK_SHARDED
10918,32,BFLOAT16,L1_BLOCK_SHARDED,L1_BLOCK_SHARDED
5794,16,BFLOAT16,L1_BLOCK_SHARDED,L1_BLOCK_SHARDED
83343,256,BFLOAT16,L1_BLOCK_SHARDED,L1_BLOCK_SHARDED
42021,128,BFLOAT16,L1_BLOCK_SHARDED,L1_BLOCK_SHARDED
42019,128,BFLOAT16,L1_BLOCK_SHARDED,L1_BLOCK_SHARDED
21336,64,BFLOAT16,L1_BLOCK_SHARDED,L1_BLOCK_SHARDED
83345,256,BFLOAT16,L1_BLOCK_SHARDED,L1_BLOCK_SHARDED
42006,128,BFLOAT16,L1_BLOCK_SHARDED,L1_BLOCK_SHARDED
41959,128,BFLOAT16,L1_BLOCK_SHARDED,L1_BLOCK_SHARDED
21301,64,BFLOAT16,L1_BLOCK_SHARDED,L1_BLOCK_SHARDED
83362,256,BFLOAT16,L1_BLOCK_SHARDED,L1_BLOCK_SHARDED
42000,128,BFLOAT16,L1_BLOCK_SHARDED,L1_BLOCK_SHARDED
41965,128,BFLOAT16,L1_BLOCK_SHARDED,L1_BLOCK_SHARDED
21308,64,BFLOAT16,L1_BLOCK_SHARDED,L1_BLOCK_SHARDED
83346,256,BFLOAT16,L1_BLOCK_SHARDED,L1_BLOCK_SHARDED
42018,128,BFLOAT16,L1_BLOCK_SHARDED,L1_BLOCK_SHARDED
41963,128,BFLOAT16,L1_BLOCK_SHARDED,L1_BLOCK_SHARDED
21300,64,BFLOAT16,L1_BLOCK_SHARDED,L1_BLOCK_SHARDED
83363,256,BFLOAT16,L1_BLOCK_SHARDED,L1_BLOCK_SHARDED
42004,128,BFLOAT16,L1_BLOCK_SHARDED,L1_BLOCK_SHARDED
41940,128,BFLOAT16,L1_BLOCK_SHARDED,L1_BLOCK_SHARDED
21302,64,BFLOAT16,L1_BLOCK_SHARDED,L1_BLOCK_SHARDED
83337,256,BFLOAT16,L1_BLOCK_SHARDED,L1_BLOCK_SHARDED
42001,128,BFLOAT16,L1_BLOCK_SHARDED,L1_BLOCK_SHARDED
41957,128,BFLOAT16,L1_BLOCK_SHARDED,L1_BLOCK_SHARDED
21303,64,BFLOAT16,L1_BLOCK_SHARDED,L1_BLOCK_SHARDED
83346,256,BFLOAT16,L1_BLOCK_SHARDED,L1_BLOCK_SHARDED
42000,128,BFLOAT16,L1_BLOCK_SHARDED,L1_BLOCK_SHARDED
41944,128,BFLOAT16,L1_BLOCK_SHARDED,L1_BLOCK_SHARDED
21308,64,BFLOAT16,L1_BLOCK_SHARDED,L1_BLOCK_SHARDED
83346,256,BFLOAT16,L1_BLOCK_SHARDED,L1_BLOCK_SHARDED
42014,128,BFLOAT16,L1_BLOCK_SHARDED,L1_BLOCK_SHARDED
41956,128,BFLOAT16,L1_BLOCK_SHARDED,L1_BLOCK_SHARDED
21310,64,BFLOAT16,L1_BLOCK_SHARDED,L1_BLOCK_SHARDED
83350,256,BFLOAT16,L1_BLOCK_SHARDED,L1_BLOCK_SHARDED
41994,128,BFLOAT16,L1_BLOCK_SHARDED,L1_BLOCK_SHARDED
41956,128,BFLOAT16,L1_BLOCK_SHARDED,L1_BLOCK_SHARDED
21305,64,BFLOAT16,L1_BLOCK_SHARDED,L1_BLOCK_SHARDED
83353,256,BFLOAT16,L1_BLOCK_SHARDED,L1_BLOCK_SHARDED
42008,128,BFLOAT16,L1_BLOCK_SHARDED,L1_BLOCK_SHARDED
41957,128,BFLOAT16,L1_BLOCK_SHARDED,L1_BLOCK_SHARDED
21306,64,BFLOAT16,L1_BLOCK_SHARDED,L1_BLOCK_SHARDED
749,1,BFLOAT8_B,L1_HEIGHT_SHARDED,L1_HEIGHT_SHARDED
751,1,BFLOAT8_B,L1_HEIGHT_SHARDED,L1_HEIGHT_SHARDED
767,1,BFLOAT8_B,L1_HEIGHT_SHARDED,L1_HEIGHT_SHARDED
756,1,BFLOAT8_B,L1_HEIGHT_SHARDED,L1_HEIGHT_SHARDED
737,1,BFLOAT8_B,L1_HEIGHT_SHARDED,L1_HEIGHT_SHARDED
753,1,BFLOAT8_B,L1_HEIGHT_SHARDED,L1_HEIGHT_SHARDED
755,1,BFLOAT8_B,L1_HEIGHT_SHARDED,L1_HEIGHT_SHARDED
757,1,BFLOAT8_B,L1_HEIGHT_SHARDED,L1_HEIGHT_SHARDED
755,1,BFLOAT8_B,L1_HEIGHT_SHARDED,L1_HEIGHT_SHARDED
759,1,BFLOAT8_B,L1_HEIGHT_SHARDED,L1_HEIGHT_SHARDED
5481,16,BFLOAT8_B,L1_HEIGHT_SHARDED,L1_HEIGHT_SHARDED
1792,4,BFLOAT8_B,L1_HEIGHT_SHARDED,L1_HEIGHT_SHARDED
5488,16,BFLOAT8_B,L1_HEIGHT_SHARDED,L1_HEIGHT_SHARDED
1722,4,BFLOAT8_B,L1_HEIGHT_SHARDED,L1_HEIGHT_SHARDED
5483,16,BFLOAT8_B,L1_HEIGHT_SHARDED,L1_HEIGHT_SHARDED
1727,4,BFLOAT8_B,L1_HEIGHT_SHARDED,L1_HEIGHT_SHARDED
5484,16,BFLOAT8_B,L1_HEIGHT_SHARDED,L1_HEIGHT_SHARDED
1727,4,BFLOAT8_B,L1_HEIGHT_SHARDED,L1_HEIGHT_SHARDED
5483,16,BFLOAT8_B,L1_HEIGHT_SHARDED,L1_HEIGHT_SHARDED
1731,4,BFLOAT8_B,L1_HEIGHT_SHARDED,L1_HEIGHT_SHARDED
5513,16,BFLOAT8_B,L1_HEIGHT_SHARDED,L1_HEIGHT_SHARDED
1721,4,BFLOAT8_B,L1_HEIGHT_SHARDED,L1_HEIGHT_SHARDED
5485,16,BFLOAT8_B,L1_HEIGHT_SHARDED,L1_HEIGHT_SHARDED
1733,4,BFLOAT8_B,L1_HEIGHT_SHARDED,L1_HEIGHT_SHARDED
5488,16,BFLOAT8_B,L1_HEIGHT_SHARDED,L1_HEIGHT_SHARDED
1734,4,BFLOAT8_B,L1_HEIGHT_SHARDED,L1_HEIGHT_SHARDED
5486,16,BFLOAT8_B,L1_HEIGHT_SHARDED,L1_HEIGHT_SHARDED
1734,4,BFLOAT8_B,L1_HEIGHT_SHARDED,L1_HEIGHT_SHARDED
5484,16,BFLOAT8_B,L1_HEIGHT_SHARDED,L1_HEIGHT_SHARDED
1722,4,BFLOAT8_B,L1_HEIGHT_SHARDED,L1_HEIGHT_SHARDED
20602,64,BFLOAT8_B,L1_HEIGHT_SHARDED,L1_HEIGHT_SHARDED
5565,16,BFLOAT8_B,L1_HEIGHT_SHARDED,L1_HEIGHT_SHARDED
3052,8,BFLOAT8_B,L1_HEIGHT_SHARDED,L1_HEIGHT_SHARDED
20602,64,BFLOAT8_B,L1_HEIGHT_SHARDED,L1_HEIGHT_SHARDED
5508,16,BFLOAT8_B,L1_HEIGHT_SHARDED,L1_HEIGHT_SHARDED
3045,8,BFLOAT8_B,L1_HEIGHT_SHARDED,L1_HEIGHT_SHARDED
20594,64,BFLOAT8_B,L1_HEIGHT_SHARDED,L1_HEIGHT_SHARDED
5517,16,BFLOAT8_B,L1_HEIGHT_SHARDED,L1_HEIGHT_SHARDED
3046,8,BFLOAT8_B,L1_HEIGHT_SHARDED,L1_HEIGHT_SHARDED
20617,64,BFLOAT8_B,L1_HEIGHT_SHARDED,L1_HEIGHT_SHARDED
5513,16,BFLOAT8_B,L1_HEIGHT_SHARDED,L1_HEIGHT_SHARDED
3046,8,BFLOAT8_B,L1_HEIGHT_SHARDED,L1_HEIGHT_SHARDED
20599,64,BFLOAT8_B,L1_HEIGHT_SHARDED,L1_HEIGHT_SHARDED
5527,16,BFLOAT8_B,L1_HEIGHT_SHARDED,L1_HEIGHT_SHARDED
3041,8,BFLOAT8_B,L1_HEIGHT_SHARDED,L1_HEIGHT_SHARDED
20615,64,BFLOAT8_B,L1_HEIGHT_SHARDED,L1_HEIGHT_SHARDED
5503,16,BFLOAT8_B,L1_HEIGHT_SHARDED,L1_HEIGHT_SHARDED
3044,8,BFLOAT8_B,L1_HEIGHT_SHARDED,L1_HEIGHT_SHARDED
20602,64,BFLOAT8_B,L1_HEIGHT_SHARDED,L1_HEIGHT_SHARDED
5506,16,BFLOAT8_B,L1_HEIGHT_SHARDED,L1_HEIGHT_SHARDED
3040,8,BFLOAT8_B,L1_HEIGHT_SHARDED,L1_HEIGHT_SHARDED
20606,64,BFLOAT8_B,L1_HEIGHT_SHARDED,L1_HEIGHT_SHARDED
5507,16,BFLOAT8_B,L1_HEIGHT_SHARDED,L1_HEIGHT_SHARDED
3040,8,BFLOAT8_B,L1_HEIGHT_SHARDED,L1_HEIGHT_SHARDED
20606,64,BFLOAT8_B,L1_HEIGHT_SHARDED,L1_HEIGHT_SHARDED
5520,16,BFLOAT8_B,L1_HEIGHT_SHARDED,L1_HEIGHT_SHARDED
3036,8,BFLOAT8_B,L1_HEIGHT_SHARDED,L1_HEIGHT_SHARDED
20601,64,BFLOAT8_B,L1_HEIGHT_SHARDED,L1_HEIGHT_SHARDED
5506,16,BFLOAT8_B,L1_HEIGHT_SHARDED,L1_HEIGHT_SHARDED
3038,8,BFLOAT8_B,L1_HEIGHT_SHARDED,L1_HEIGHT_SHARDED
81111,256,BFLOAT8_B,L1_HEIGHT_SHARDED,L1_HEIGHT_SHARDED
40856,128,BFLOAT8_B,L1_HEIGHT_SHARDED,L1_HEIGHT_SHARDED
10760,32,BFLOAT8_B,L1_HEIGHT_SHARDED,L1_HEIGHT_SHARDED
81111,256,BFLOAT8_B,L1_HEIGHT_SHARDED,L1_HEIGHT_SHARDED
40838,128,BFLOAT8_B,L1_HEIGHT_SHARDED,L1_HEIGHT_SHARDED
10701,32,BFLOAT8_B,L1_HEIGHT_SHARDED,L1_HEIGHT_SHARDED
81115,256,BFLOAT8_B,L1_HEIGHT_SHARDED,L1_HEIGHT_SHARDED
40854,128,BFLOAT8_B,L1_HEIGHT_SHARDED,L1_HEIGHT_SHARDED
10676,32,BFLOAT8_B,L1_HEIGHT_SHARDED,L1_HEIGHT_SHARDED
81114,256,BFLOAT8_B,L1_HEIGHT_SHARDED,L1_HEIGHT_SHARDED
40857,128,BFLOAT8_B,L1_HEIGHT_SHARDED,L1_HEIGHT_SHARDED
10695,32,BFLOAT8_B,L1_HEIGHT_SHARDED,L1_HEIGHT_SHARDED
81115,256,BFLOAT8_B,L1_HEIGHT_SHARDED,L1_HEIGHT_SHARDED
40845,128,BFLOAT8_B,L1_HEIGHT_SHARDED,L1_HEIGHT_SHARDED
10691,32,BFLOAT8_B,L1_HEIGHT_SHARDED,L1_HEIGHT_SHARDED
81116,256,BFLOAT8_B,L1_HEIGHT_SHARDED,L1_HEIGHT_SHARDED
40841,128,BFLOAT8_B,L1_HEIGHT_SHARDED,L1_HEIGHT_SHARDED
10667,32,BFLOAT8_B,L1_HEIGHT_SHARDED,L1_HEIGHT_SHARDED
81110,256,BFLOAT8_B,L1_HEIGHT_SHARDED,L1_HEIGHT_SHARDED
40834,128,BFLOAT8_B,L1_HEIGHT_SHARDED,L1_HEIGHT_SHARDED
10698,32,BFLOAT8_B,L1_HEIGHT_SHARDED,L1_HEIGHT_SHARDED
81134,256,BFLOAT8_B,L1_HEIGHT_SHARDED,L1_HEIGHT_SHARDED
40837,128,BFLOAT8_B,L1_HEIGHT_SHARDED,L1_HEIGHT_SHARDED
10674,32,BFLOAT8_B,L1_HEIGHT_SHARDED,L1_HEIGHT_SHARDED
81111,256,BFLOAT8_B,L1_HEIGHT_SHARDED,L1_HEIGHT_SHARDED
40843,128,BFLOAT8_B,L1_HEIGHT_SHARDED,L1_HEIGHT_SHARDED
10690,32,BFLOAT8_B,L1_HEIGHT_SHARDED,L1_HEIGHT_SHARDED
81112,256,BFLOAT8_B,L1_HEIGHT_SHARDED,L1_HEIGHT_SHARDED
40847,128,BFLOAT8_B,L1_HEIGHT_SHARDED,L1_HEIGHT_SHARDED
10684,32,BFLOAT8_B,L1_HEIGHT_SHARDED,L1_HEIGHT_SHARDED
161809,512,BFLOAT8_B,L1_HEIGHT_SHARDED,L1_HEIGHT_SHARDED
41007,128,BFLOAT8_B,L1_HEIGHT_SHARDED,L1_HEIGHT_SHARDED
20831,64,BFLOAT8_B,L1_HEIGHT_SHARDED,L1_HEIGHT_SHARDED
161797,512,BFLOAT8_B,L1_HEIGHT_SHARDED,L1_HEIGHT_SHARDED
40925,128,BFLOAT8_B,L1_HEIGHT_SHARDED,L1_HEIGHT_SHARDED
20765,64,BFLOAT8_B,L1_HEIGHT_SHARDED,L1_HEIGHT_SHARDED
161810,512,BFLOAT8_B,L1_HEIGHT_SHARDED,L1_HEIGHT_SHARDED
40921,128,BFLOAT8_B,L1_HEIGHT_SHARDED,L1_HEIGHT_SHARDED
20766,64,BFLOAT8_B,L1_HEIGHT_SHARDED,L1_HEIGHT_SHARDED
161816,512,BFLOAT8_B,L1_HEIGHT_SHARDED,L1_HEIGHT_SHARDED
40927,128,BFLOAT8_B,L1_HEIGHT_SHARDED,L1_HEIGHT_SHARDED
20769,64,BFLOAT8_B,L1_HEIGHT_SHARDED,L1_HEIGHT_SHARDED
161811,512,BFLOAT8_B,L1_HEIGHT_SHARDED,L1_HEIGHT_SHARDED
40924,128,BFLOAT8_B,L1_HEIGHT_SHARDED,L1_HEIGHT_SHARDED
20767,64,BFLOAT8_B,L1_HEIGHT_SHARDED,L1_HEIGHT_SHARDED
161810,512,BFLOAT8_B,L1_HEIGHT_SHARDED,L1_HEIGHT_SHARDED
40928,128,BFLOAT8_B,L1_HEIGHT_SHARDED,L1_HEIGHT_SHARDED
20753,64,BFLOAT8_B,L1_HEIGHT_SHARDED,L1_HEIGHT_SHARDED
161798,512,BFLOAT8_B,L1_HEIGHT_SHARDED,L1_HEIGHT_SHARDED
40929,128,BFLOAT8_B,L1_HEIGHT_SHARDED,L1_HEIGHT_SHARDED
20761,64,BFLOAT8_B,L1_HEIGHT_SHARDED,L1_HEIGHT_SHARDED
161808,512,BFLOAT8_B,L1_HEIGHT_SHARDED,L1_HEIGHT_SHARDED
40939,128,BFLOAT8_B,L1_HEIGHT_SHARDED,L1_HEIGHT_SHARDED
20784,64,BFLOAT8_B,L1_HEIGHT_SHARDED,L1_HEIGHT_SHARDED
161807,512,BFLOAT8_B,L1_HEIGHT_SHARDED,L1_HEIGHT_SHARDED
40915,128,BFLOAT8_B,L1_HEIGHT_SHARDED,L1_HEIGHT_SHARDED
20767,64,BFLOAT8_B,L1_HEIGHT_SHARDED,L1_HEIGHT_SHARDED
161808,512,BFLOAT8_B,L1_HEIGHT_SHARDED,L1_HEIGHT_SHARDED
40924,128,BFLOAT8_B,L1_HEIGHT_SHARDED,L1_HEIGHT_SHARDED
20776,64,BFLOAT8_B,L1_HEIGHT_SHARDED,L1_HEIGHT_SHARDED
749,1,BFLOAT8_B,L1_WIDTH_SHARDED,L1_WIDTH_SHARDED
750,1,BFLOAT8_B,L1_WIDTH_SHARDED,L1_WIDTH_SHARDED
748,1,BFLOAT8_B,L1_WIDTH_SHARDED,L1_WIDTH_SHARDED
753,1,BFLOAT8_B,L1_WIDTH_SHARDED,L1_WIDTH_SHARDED
756,1,BFLOAT8_B,L1_WIDTH_SHARDED,L1_WIDTH_SHARDED
746,1,BFLOAT8_B,L1_WIDTH_SHARDED,L1_WIDTH_SHARDED
754,1,BFLOAT8_B,L1_WIDTH_SHARDED,L1_WIDTH_SHARDED
758,1,BFLOAT8_B,L1_WIDTH_SHARDED,L1_WIDTH_SHARDED
750,1,BFLOAT8_B,L1_WIDTH_SHARDED,L1_WIDTH_SHARDED
756,1,BFLOAT8_B,L1_WIDTH_SHARDED,L1_WIDTH_SHARDED
5487,16,BFLOAT8_B,L1_WIDTH_SHARDED,L1_WIDTH_SHARDED
1787,4,BFLOAT8_B,L1_WIDTH_SHARDED,L1_WIDTH_SHARDED
5480,16,BFLOAT8_B,L1_WIDTH_SHARDED,L1_WIDTH_SHARDED
1722,4,BFLOAT8_B,L1_WIDTH_SHARDED,L1_WIDTH_SHARDED
5481,16,BFLOAT8_B,L1_WIDTH_SHARDED,L1_WIDTH_SHARDED
1725,4,BFLOAT8_B,L1_WIDTH_SHARDED,L1_WIDTH_SHARDED
5484,16,BFLOAT8_B,L1_WIDTH_SHARDED,L1_WIDTH_SHARDED
1736,4,BFLOAT8_B,L1_WIDTH_SHARDED,L1_WIDTH_SHARDED
5477,16,BFLOAT8_B,L1_WIDTH_SHARDED,L1_WIDTH_SHARDED
1727,4,BFLOAT8_B,L1_WIDTH_SHARDED,L1_WIDTH_SHARDED
5490,16,BFLOAT8_B,L1_WIDTH_SHARDED,L1_WIDTH_SHARDED
1749,4,BFLOAT8_B,L1_WIDTH_SHARDED,L1_WIDTH_SHARDED
5487,16,BFLOAT8_B,L1_WIDTH_SHARDED,L1_WIDTH_SHARDED
1737,4,BFLOAT8_B,L1_WIDTH_SHARDED,L1_WIDTH_SHARDED
5483,16,BFLOAT8_B,L1_WIDTH_SHARDED,L1_WIDTH_SHARDED
1749,4,BFLOAT8_B,L1_WIDTH_SHARDED,L1_WIDTH_SHARDED
5476,16,BFLOAT8_B,L1_WIDTH_SHARDED,L1_WIDTH_SHARDED
1715,4,BFLOAT8_B,L1_WIDTH_SHARDED,L1_WIDTH_SHARDED
5484,16,BFLOAT8_B,L1_WIDTH_SHARDED,L1_WIDTH_SHARDED
1734,4,BFLOAT8_B,L1_WIDTH_SHARDED,L1_WIDTH_SHARDED
20601,64,BFLOAT8_B,L1_WIDTH_SHARDED,L1_WIDTH_SHARDED
5573,16,BFLOAT8_B,L1_WIDTH_SHARDED,L1_WIDTH_SHARDED
3060,8,BFLOAT8_B,L1_WIDTH_SHARDED,L1_WIDTH_SHARDED
20603,64,BFLOAT8_B,L1_WIDTH_SHARDED,L1_WIDTH_SHARDED
5493,16,BFLOAT8_B,L1_WIDTH_SHARDED,L1_WIDTH_SHARDED
3048,8,BFLOAT8_B,L1_WIDTH_SHARDED,L1_WIDTH_SHARDED
20609,64,BFLOAT8_B,L1_WIDTH_SHARDED,L1_WIDTH_SHARDED
5519,16,BFLOAT8_B,L1_WIDTH_SHARDED,L1_WIDTH_SHARDED
3050,8,BFLOAT8_B,L1_WIDTH_SHARDED,L1_WIDTH_SHARDED
20601,64,BFLOAT8_B,L1_WIDTH_SHARDED,L1_WIDTH_SHARDED
5514,16,BFLOAT8_B,L1_WIDTH_SHARDED,L1_WIDTH_SHARDED
3029,8,BFLOAT8_B,L1_WIDTH_SHARDED,L1_WIDTH_SHARDED
20603,64,BFLOAT8_B,L1_WIDTH_SHARDED,L1_WIDTH_SHARDED
5504,16,BFLOAT8_B,L1_WIDTH_SHARDED,L1_WIDTH_SHARDED
3053,8,BFLOAT8_B,L1_WIDTH_SHARDED,L1_WIDTH_SHARDED
20605,64,BFLOAT8_B,L1_WIDTH_SHARDED,L1_WIDTH_SHARDED
5518,16,BFLOAT8_B,L1_WIDTH_SHARDED,L1_WIDTH_SHARDED
3042,8,BFLOAT8_B,L1_WIDTH_SHARDED,L1_WIDTH_SHARDED
20592,64,BFLOAT8_B,L1_WIDTH_SHARDED,L1_WIDTH_SHARDED
5511,16,BFLOAT8_B,L1_WIDTH_SHARDED,L1_WIDTH_SHARDED
3051,8,BFLOAT8_B,L1_WIDTH_SHARDED,L1_WIDTH_SHARDED
20597,64,BFLOAT8_B,L1_WIDTH_SHARDED,L1_WIDTH_SHARDED
5501,16,BFLOAT8_B,L1_WIDTH_SHARDED,L1_WIDTH_SHARDED
3052,8,BFLOAT8_B,L1_WIDTH_SHARDED,L1_WIDTH_SHARDED
20591,64,BFLOAT8_B,L1_WIDTH_SHARDED,L1_WIDTH_SHARDED
5511,16,BFLOAT8_B,L1_WIDTH_SHARDED,L1_WIDTH_SHARDED
3037,8,BFLOAT8_B,L1_WIDTH_SHARDED,L1_WIDTH_SHARDED
20605,64,BFLOAT8_B,L1_WIDTH_SHARDED,L1_WIDTH_SHARDED
5509,16,BFLOAT8_B,L1_WIDTH_SHARDED,L1_WIDTH_SHARDED
3041,8,BFLOAT8_B,L1_WIDTH_SHARDED,L1_WIDTH_SHARDED
81117,256,BFLOAT8_B,L1_WIDTH_SHARDED,L1_WIDTH_SHARDED
40852,128,BFLOAT8_B,L1_WIDTH_SHARDED,L1_WIDTH_SHARDED
10766,32,BFLOAT8_B,L1_WIDTH_SHARDED,L1_WIDTH_SHARDED
81123,256,BFLOAT8_B,L1_WIDTH_SHARDED,L1_WIDTH_SHARDED
40848,128,BFLOAT8_B,L1_WIDTH_SHARDED,L1_WIDTH_SHARDED
10690,32,BFLOAT8_B,L1_WIDTH_SHARDED,L1_WIDTH_SHARDED
81109,256,BFLOAT8_B,L1_WIDTH_SHARDED,L1_WIDTH_SHARDED
40855,128,BFLOAT8_B,L1_WIDTH_SHARDED,L1_WIDTH_SHARDED
10682,32,BFLOAT8_B,L1_WIDTH_SHARDED,L1_WIDTH_SHARDED
81107,256,BFLOAT8_B,L1_WIDTH_SHARDED,L1_WIDTH_SHARDED
40836,128,BFLOAT8_B,L1_WIDTH_SHARDED,L1_WIDTH_SHARDED
10693,32,BFLOAT8_B,L1_WIDTH_SHARDED,L1_WIDTH_SHARDED
81112,256,BFLOAT8_B,L1_WIDTH_SHARDED,L1_WIDTH_SHARDED
40825,128,BFLOAT8_B,L1_WIDTH_SHARDED,L1_WIDTH_SHARDED
10698,32,BFLOAT8_B,L1_WIDTH_SHARDED,L1_WIDTH_SHARDED
81107,256,BFLOAT8_B,L1_WIDTH_SHARDED,L1_WIDTH_SHARDED
40842,128,BFLOAT8_B,L1_WIDTH_SHARDED,L1_WIDTH_SHARDED
10678,32,BFLOAT8_B,L1_WIDTH_SHARDED,L1_WIDTH_SHARDED
81119,256,BFLOAT8_B,L1_WIDTH_SHARDED,L1_WIDTH_SHARDED
40844,128,BFLOAT8_B,L1_WIDTH_SHARDED,L1_WIDTH_SHARDED
10702,32,BFLOAT8_B,L1_WIDTH_SHARDED,L1_WIDTH_SHARDED
81124,256,BFLOAT8_B,L1_WIDTH_SHARDED,L1_WIDTH_SHARDED
40852,128,BFLOAT8_B,L1_WIDTH_SHARDED,L1_WIDTH_SHARDED
10705,32,BFLOAT8_B,L1_WIDTH_SHARDED,L1_WIDTH_SHARDED
81115,256,BFLOAT8_B,L1_WIDTH_SHARDED,L1_WIDTH_SHARDED
40853,128,BFLOAT8_B,L1_WIDTH_SHARDED,L1_WIDTH_SHARDED
10690,32,BFLOAT8_B,L1_WIDTH_SHARDED,L1_WIDTH_SHARDED
81105,256,BFLOAT8_B,L1_WIDTH_SHARDED,L1_WIDTH_SHARDED
40840,128,BFLOAT8_B,L1_WIDTH_SHARDED,L1_WIDTH_SHARDED
10709,32,BFLOAT8_B,L1_WIDTH_SHARDED,L1_WIDTH_SHARDED
161804,512,BFLOAT8_B,L1_WIDTH_SHARDED,L1_WIDTH_SHARDED
40990,128,BFLOAT8_B,L1_WIDTH_SHARDED,L1_WIDTH_SHARDED
20854,64,BFLOAT8_B,L1_WIDTH_SHARDED,L1_WIDTH_SHARDED
161806,512,BFLOAT8_B,L1_WIDTH_SHARDED,L1_WIDTH_SHARDED
40931,128,BFLOAT8_B,L1_WIDTH_SHARDED,L1_WIDTH_SHARDED
20769,64,BFLOAT8_B,L1_WIDTH_SHARDED,L1_WIDTH_SHARDED
161800,512,BFLOAT8_B,L1_WIDTH_SHARDED,L1_WIDTH_SHARDED
40932,128,BFLOAT8_B,L1_WIDTH_SHARDED,L1_WIDTH_SHARDED
20766,64,BFLOAT8_B,L1_WIDTH_SHARDED,L1_WIDTH_SHARDED
161802,512,BFLOAT8_B,L1_WIDTH_SHARDED,L1_WIDTH_SHARDED
40935,128,BFLOAT8_B,L1_WIDTH_SHARDED,L1_WIDTH_SHARDED
20768,64,BFLOAT8_B,L1_WIDTH_SHARDED,L1_WIDTH_SHARDED
161798,512,BFLOAT8_B,L1_WIDTH_SHARDED,L1_WIDTH_SHARDED
40939,128,BFLOAT8_B,L1_WIDTH_SHARDED,L1_WIDTH_SHARDED
20779,64,BFLOAT8_B,L1_WIDTH_SHARDED,L1_WIDTH_SHARDED
161803,512,BFLOAT8_B,L1_WIDTH_SHARDED,L1_WIDTH_SHARDED
40933,128,BFLOAT8_B,L1_WIDTH_SHARDED,L1_WIDTH_SHARDED
20786,64,BFLOAT8_B,L1_WIDTH_SHARDED,L1_WIDTH_SHARDED
161806,512,BFLOAT8_B,L1_WIDTH_SHARDED,L1_WIDTH_SHARDED
40932,128,BFLOAT8_B,L1_WIDTH_SHARDED,L1_WIDTH_SHARDED
20765,64,BFLOAT8_B,L1_WIDTH_SHARDED,L1_WIDTH_SHARDED
161815,512,BFLOAT8_B,L1_WIDTH_SHARDED,L1_WIDTH_SHARDED
40922,128,BFLOAT8_B,L1_WIDTH_SHARDED,L1_WIDTH_SHARDED
20762,64,BFLOAT8_B,L1_WIDTH_SHARDED,L1_WIDTH_SHARDED
161809,512,BFLOAT8_B,L1_WIDTH_SHARDED,L1_WIDTH_SHARDED
40927,128,BFLOAT8_B,L1_WIDTH_SHARDED,L1_WIDTH_SHARDED
20769,64,BFLOAT8_B,L1_WIDTH_SHARDED,L1_WIDTH_SHARDED
161798,512,BFLOAT8_B,L1_WIDTH_SHARDED,L1_WIDTH_SHARDED
40929,128,BFLOAT8_B,L1_WIDTH_SHARDED,L1_WIDTH_SHARDED
20771,64,BFLOAT8_B,L1_WIDTH_SHARDED,L1_WIDTH_SHARDED
745,1,BFLOAT8_B,L1_BLOCK_SHARDED,L1_BLOCK_SHARDED
752,1,BFLOAT8_B,L1_BLOCK_SHARDED,L1_BLOCK_SHARDED
751,1,BFLOAT8_B,L1_BLOCK_SHARDED,L1_BLOCK_SHARDED
750,1,BFLOAT8_B,L1_BLOCK_SHARDED,L1_BLOCK_SHARDED
750,1,BFLOAT8_B,L1_BLOCK_SHARDED,L1_BLOCK_SHARDED
747,1,BFLOAT8_B,L1_BLOCK_SHARDED,L1_BLOCK_SHARDED
747,1,BFLOAT8_B,L1_BLOCK_SHARDED,L1_BLOCK_SHARDED
751,1,BFLOAT8_B,L1_BLOCK_SHARDED,L1_BLOCK_SHARDED
755,1,BFLOAT8_B,L1_BLOCK_SHARDED,L1_BLOCK_SHARDED
759,1,BFLOAT8_B,L1_BLOCK_SHARDED,L1_BLOCK_SHARDED
5482,16,BFLOAT8_B,L1_BLOCK_SHARDED,L1_BLOCK_SHARDED
1799,4,BFLOAT8_B,L1_BLOCK_SHARDED,L1_BLOCK_SHARDED
1869,4,BFLOAT8_B,L1_BLOCK_SHARDED,L1_BLOCK_SHARDED
912,1,BFLOAT8_B,L1_BLOCK_SHARDED,L1_BLOCK_SHARDED
5479,16,BFLOAT8_B,L1_BLOCK_SHARDED,L1_BLOCK_SHARDED
1722,4,BFLOAT8_B,L1_BLOCK_SHARDED,L1_BLOCK_SHARDED
1794,4,BFLOAT8_B,L1_BLOCK_SHARDED,L1_BLOCK_SHARDED
846,1,BFLOAT8_B,L1_BLOCK_SHARDED,L1_BLOCK_SHARDED
5484,16,BFLOAT8_B,L1_BLOCK_SHARDED,L1_BLOCK_SHARDED
1727,4,BFLOAT8_B,L1_BLOCK_SHARDED,L1_BLOCK_SHARDED
1772,4,BFLOAT8_B,L1_BLOCK_SHARDED,L1_BLOCK_SHARDED
864,1,BFLOAT8_B,L1_BLOCK_SHARDED,L1_BLOCK_SHARDED
5482,16,BFLOAT8_B,L1_BLOCK_SHARDED,L1_BLOCK_SHARDED
1734,4,BFLOAT8_B,L1_BLOCK_SHARDED,L1_BLOCK_SHARDED
1772,4,BFLOAT8_B,L1_BLOCK_SHARDED,L1_BLOCK_SHARDED
849,1,BFLOAT8_B,L1_BLOCK_SHARDED,L1_BLOCK_SHARDED
5488,16,BFLOAT8_B,L1_BLOCK_SHARDED,L1_BLOCK_SHARDED
1733,4,BFLOAT8_B,L1_BLOCK_SHARDED,L1_BLOCK_SHARDED
1767,4,BFLOAT8_B,L1_BLOCK_SHARDED,L1_BLOCK_SHARDED
859,1,BFLOAT8_B,L1_BLOCK_SHARDED,L1_BLOCK_SHARDED
5489,16,BFLOAT8_B,L1_BLOCK_SHARDED,L1_BLOCK_SHARDED
1719,4,BFLOAT8_B,L1_BLOCK_SHARDED,L1_BLOCK_SHARDED
1791,4,BFLOAT8_B,L1_BLOCK_SHARDED,L1_BLOCK_SHARDED
861,1,BFLOAT8_B,L1_BLOCK_SHARDED,L1_BLOCK_SHARDED
5490,16,BFLOAT8_B,L1_BLOCK_SHARDED,L1_BLOCK_SHARDED
1726,4,BFLOAT8_B,L1_BLOCK_SHARDED,L1_BLOCK_SHARDED
1760,4,BFLOAT8_B,L1_BLOCK_SHARDED,L1_BLOCK_SHARDED
872,1,BFLOAT8_B,L1_BLOCK_SHARDED,L1_BLOCK_SHARDED
5489,16,BFLOAT8_B,L1_BLOCK_SHARDED,L1_BLOCK_SHARDED
1724,4,BFLOAT8_B,L1_BLOCK_SHARDED,L1_BLOCK_SHARDED
1761,4,BFLOAT8_B,L1_BLOCK_SHARDED,L1_BLOCK_SHARDED
858,1,BFLOAT8_B,L1_BLOCK_SHARDED,L1_BLOCK_SHARDED
5486,16,BFLOAT8_B,L1_BLOCK_SHARDED,L1_BLOCK_SHARDED
1741,4,BFLOAT8_B,L1_BLOCK_SHARDED,L1_BLOCK_SHARDED
1792,4,BFLOAT8_B,L1_BLOCK_SHARDED,L1_BLOCK_SHARDED
868,1,BFLOAT8_B,L1_BLOCK_SHARDED,L1_BLOCK_SHARDED
5471,16,BFLOAT8_B,L1_BLOCK_SHARDED,L1_BLOCK_SHARDED
1736,4,BFLOAT8_B,L1_BLOCK_SHARDED,L1_BLOCK_SHARDED
1761,4,BFLOAT8_B,L1_BLOCK_SHARDED,L1_BLOCK_SHARDED
861,1,BFLOAT8_B,L1_BLOCK_SHARDED,L1_BLOCK_SHARDED
20601,64,BFLOAT8_B,L1_BLOCK_SHARDED,L1_BLOCK_SHARDED
5579,16,BFLOAT8_B,L1_BLOCK_SHARDED,L1_BLOCK_SHARDED
3035,8,BFLOAT8_B,L1_BLOCK_SHARDED,L1_BLOCK_SHARDED
5651,16,BFLOAT8_B,L1_BLOCK_SHARDED,L1_BLOCK_SHARDED
1885,4,BFLOAT8_B,L1_BLOCK_SHARDED,L1_BLOCK_SHARDED
1283,2,BFLOAT8_B,L1_BLOCK_SHARDED,L1_BLOCK_SHARDED
3103,8,BFLOAT8_B,L1_BLOCK_SHARDED,L1_BLOCK_SHARDED
1251,2,BFLOAT8_B,L1_BLOCK_SHARDED,L1_BLOCK_SHARDED
947,1,BFLOAT8_B,L1_BLOCK_SHARDED,L1_BLOCK_SHARDED
20609,64,BFLOAT8_B,L1_BLOCK_SHARDED,L1_BLOCK_SHARDED
5515,16,BFLOAT8_B,L1_BLOCK_SHARDED,L1_BLOCK_SHARDED
3030,8,BFLOAT8_B,L1_BLOCK_SHARDED,L1_BLOCK_SHARDED
5557,16,BFLOAT8_B,L1_BLOCK_SHARDED,L1_BLOCK_SHARDED
1831,4,BFLOAT8_B,L1_BLOCK_SHARDED,L1_BLOCK_SHARDED
1236,2,BFLOAT8_B,L1_BLOCK_SHARDED,L1_BLOCK_SHARDED
3026,8,BFLOAT8_B,L1_BLOCK_SHARDED,L1_BLOCK_SHARDED
1173,2,BFLOAT8_B,L1_BLOCK_SHARDED,L1_BLOCK_SHARDED
919,1,BFLOAT8_B,L1_BLOCK_SHARDED,L1_BLOCK_SHARDED
20603,64,BFLOAT8_B,L1_BLOCK_SHARDED,L1_BLOCK_SHARDED
5512,16,BFLOAT8_B,L1_BLOCK_SHARDED,L1_BLOCK_SHARDED
3041,8,BFLOAT8_B,L1_BLOCK_SHARDED,L1_BLOCK_SHARDED
5544,16,BFLOAT8_B,L1_BLOCK_SHARDED,L1_BLOCK_SHARDED
1826,4,BFLOAT8_B,L1_BLOCK_SHARDED,L1_BLOCK_SHARDED
1234,2,BFLOAT8_B,L1_BLOCK_SHARDED,L1_BLOCK_SHARDED
3035,8,BFLOAT8_B,L1_BLOCK_SHARDED,L1_BLOCK_SHARDED
1171,2,BFLOAT8_B,L1_BLOCK_SHARDED,L1_BLOCK_SHARDED
918,1,BFLOAT8_B,L1_BLOCK_SHARDED,L1_BLOCK_SHARDED
20604,64,BFLOAT8_B,L1_BLOCK_SHARDED,L1_BLOCK_SHARDED
5507,16,BFLOAT8_B,L1_BLOCK_SHARDED,L1_BLOCK_SHARDED
3040,8,BFLOAT8_B,L1_BLOCK_SHARDED,L1_BLOCK_SHARDED
5543,16,BFLOAT8_B,L1_BLOCK_SHARDED,L1_BLOCK_SHARDED
1826,4,BFLOAT8_B,L1_BLOCK_SHARDED,L1_BLOCK_SHARDED
1225,2,BFLOAT8_B,L1_BLOCK_SHARDED,L1_BLOCK_SHARDED
3042,8,BFLOAT8_B,L1_BLOCK_SHARDED,L1_BLOCK_SHARDED
1172,2,BFLOAT8_B,L1_BLOCK_SHARDED,L1_BLOCK_SHARDED
910,1,BFLOAT8_B,L1_BLOCK_SHARDED,L1_BLOCK_SHARDED
20603,64,BFLOAT8_B,L1_BLOCK_SHARDED,L1_BLOCK_SHARDED
5512,16,BFLOAT8_B,L1_BLOCK_SHARDED,L1_BLOCK_SHARDED
3049,8,BFLOAT8_B,L1_BLOCK_SHARDED,L1_BLOCK_SHARDED
5560,16,BFLOAT8_B,L1_BLOCK_SHARDED,L1_BLOCK_SHARDED
1809,4,BFLOAT8_B,L1_BLOCK_SHARDED,L1_BLOCK_SHARDED
1236,2,BFLOAT8_B,L1_BLOCK_SHARDED,L1_BLOCK_SHARDED
3022,8,BFLOAT8_B,L1_BLOCK_SHARDED,L1_BLOCK_SHARDED
1192,2,BFLOAT8_B,L1_BLOCK_SHARDED,L1_BLOCK_SHARDED
904,1,BFLOAT8_B,L1_BLOCK_SHARDED,L1_BLOCK_SHARDED
20606,64,BFLOAT8_B,L1_BLOCK_SHARDED,L1_BLOCK_SHARDED
5524,16,BFLOAT8_B,L1_BLOCK_SHARDED,L1_BLOCK_SHARDED
3052,8,BFLOAT8_B,L1_BLOCK_SHARDED,L1_BLOCK_SHARDED
5554,16,BFLOAT8_B,L1_BLOCK_SHARDED,L1_BLOCK_SHARDED
1809,4,BFLOAT8_B,L1_BLOCK_SHARDED,L1_BLOCK_SHARDED
1238,2,BFLOAT8_B,L1_BLOCK_SHARDED,L1_BLOCK_SHARDED
3031,8,BFLOAT8_B,L1_BLOCK_SHARDED,L1_BLOCK_SHARDED
1195,2,BFLOAT8_B,L1_BLOCK_SHARDED,L1_BLOCK_SHARDED
918,1,BFLOAT8_B,L1_BLOCK_SHARDED,L1_BLOCK_SHARDED
20612,64,BFLOAT8_B,L1_BLOCK_SHARDED,L1_BLOCK_SHARDED
5519,16,BFLOAT8_B,L1_BLOCK_SHARDED,L1_BLOCK_SHARDED
3040,8,BFLOAT8_B,L1_BLOCK_SHARDED,L1_BLOCK_SHARDED
5544,16,BFLOAT8_B,L1_BLOCK_SHARDED,L1_BLOCK_SHARDED
1823,4,BFLOAT8_B,L1_BLOCK_SHARDED,L1_BLOCK_SHARDED
1235,2,BFLOAT8_B,L1_BLOCK_SHARDED,L1_BLOCK_SHARDED
3031,8,BFLOAT8_B,L1_BLOCK_SHARDED,L1_BLOCK_SHARDED
1174,2,BFLOAT8_B,L1_BLOCK_SHARDED,L1_BLOCK_SHARDED
924,1,BFLOAT8_B,L1_BLOCK_SHARDED,L1_BLOCK_SHARDED
20610,64,BFLOAT8_B,L1_BLOCK_SHARDED,L1_BLOCK_SHARDED
5505,16,BFLOAT8_B,L1_BLOCK_SHARDED,L1_BLOCK_SHARDED
3047,8,BFLOAT8_B,L1_BLOCK_SHARDED,L1_BLOCK_SHARDED
5561,16,BFLOAT8_B,L1_BLOCK_SHARDED,L1_BLOCK_SHARDED
1812,4,BFLOAT8_B,L1_BLOCK_SHARDED,L1_BLOCK_SHARDED
1239,2,BFLOAT8_B,L1_BLOCK_SHARDED,L1_BLOCK_SHARDED
3042,8,BFLOAT8_B,L1_BLOCK_SHARDED,L1_BLOCK_SHARDED
1183,2,BFLOAT8_B,L1_BLOCK_SHARDED,L1_BLOCK_SHARDED
905,1,BFLOAT8_B,L1_BLOCK_SHARDED,L1_BLOCK_SHARDED
20619,64,BFLOAT8_B,L1_BLOCK_SHARDED,L1_BLOCK_SHARDED
5521,16,BFLOAT8_B,L1_BLOCK_SHARDED,L1_BLOCK_SHARDED
3060,8,BFLOAT8_B,L1_BLOCK_SHARDED,L1_BLOCK_SHARDED
5548,16,BFLOAT8_B,L1_BLOCK_SHARDED,L1_BLOCK_SHARDED
1819,4,BFLOAT8_B,L1_BLOCK_SHARDED,L1_BLOCK_SHARDED
1232,2,BFLOAT8_B,L1_BLOCK_SHARDED,L1_BLOCK_SHARDED
3034,8,BFLOAT8_B,L1_BLOCK_SHARDED,L1_BLOCK_SHARDED
1182,2,BFLOAT8_B,L1_BLOCK_SHARDED,L1_BLOCK_SHARDED
917,1,BFLOAT8_B,L1_BLOCK_SHARDED,L1_BLOCK_SHARDED
20604,64,BFLOAT8_B,L1_BLOCK_SHARDED,L1_BLOCK_SHARDED
5514,16,BFLOAT8_B,L1_BLOCK_SHARDED,L1_BLOCK_SHARDED
3029,8,BFLOAT8_B,L1_BLOCK_SHARDED,L1_BLOCK_SHARDED
5553,16,BFLOAT8_B,L1_BLOCK_SHARDED,L1_BLOCK_SHARDED
1816,4,BFLOAT8_B,L1_BLOCK_SHARDED,L1_BLOCK_SHARDED
1247,2,BFLOAT8_B,L1_BLOCK_SHARDED,L1_BLOCK_SHARDED
3024,8,BFLOAT8_B,L1_BLOCK_SHARDED,L1_BLOCK_SHARDED
1191,2,BFLOAT8_B,L1_BLOCK_SHARDED,L1_BLOCK_SHARDED
916,1,BFLOAT8_B,L1_BLOCK_SHARDED,L1_BLOCK_SHARDED
81102,256,BFLOAT8_B,L1_BLOCK_SHARDED,L1_BLOCK_SHARDED
40845,128,BFLOAT8_B,L1_BLOCK_SHARDED,L1_BLOCK_SHARDED
81230,256,BFLOAT8_B,L1_BLOCK_SHARDED,L1_BLOCK_SHARDED
20796,64,BFLOAT8_B,L1_BLOCK_SHARDED,L1_BLOCK_SHARDED
10716,32,BFLOAT8_B,L1_BLOCK_SHARDED,L1_BLOCK_SHARDED
40896,128,BFLOAT8_B,L1_BLOCK_SHARDED,L1_BLOCK_SHARDED
10689,32,BFLOAT8_B,L1_BLOCK_SHARDED,L1_BLOCK_SHARDED
5671,16,BFLOAT8_B,L1_BLOCK_SHARDED,L1_BLOCK_SHARDED
81099,256,BFLOAT8_B,L1_BLOCK_SHARDED,L1_BLOCK_SHARDED
40847,128,BFLOAT8_B,L1_BLOCK_SHARDED,L1_BLOCK_SHARDED
81147,256,BFLOAT8_B,L1_BLOCK_SHARDED,L1_BLOCK_SHARDED
20712,64,BFLOAT8_B,L1_BLOCK_SHARDED,L1_BLOCK_SHARDED
10683,32,BFLOAT8_B,L1_BLOCK_SHARDED,L1_BLOCK_SHARDED
40832,128,BFLOAT8_B,L1_BLOCK_SHARDED,L1_BLOCK_SHARDED
10633,32,BFLOAT8_B,L1_BLOCK_SHARDED,L1_BLOCK_SHARDED
5643,16,BFLOAT8_B,L1_BLOCK_SHARDED,L1_BLOCK_SHARDED
81112,256,BFLOAT8_B,L1_BLOCK_SHARDED,L1_BLOCK_SHARDED
40849,128,BFLOAT8_B,L1_BLOCK_SHARDED,L1_BLOCK_SHARDED
81161,256,BFLOAT8_B,L1_BLOCK_SHARDED,L1_BLOCK_SHARDED
20732,64,BFLOAT8_B,L1_BLOCK_SHARDED,L1_BLOCK_SHARDED
10685,32,BFLOAT8_B,L1_BLOCK_SHARDED,L1_BLOCK_SHARDED
40840,128,BFLOAT8_B,L1_BLOCK_SHARDED,L1_BLOCK_SHARDED
10621,32,BFLOAT8_B,L1_BLOCK_SHARDED,L1_BLOCK_SHARDED
5647,16,BFLOAT8_B,L1_BLOCK_SHARDED,L1_BLOCK_SHARDED
81119,256,BFLOAT8_B,L1_BLOCK_SHARDED,L1_BLOCK_SHARDED
40845,128,BFLOAT8_B,L1_BLOCK_SHARDED,L1_BLOCK_SHARDED
81163,256,BFLOAT8_B,L1_BLOCK_SHARDED,L1_BLOCK_SHARDED
20703,64,BFLOAT8_B,L1_BLOCK_SHARDED,L1_BLOCK_SHARDED
10683,32,BFLOAT8_B,L1_BLOCK_SHARDED,L1_BLOCK_SHARDED
40838,128,BFLOAT8_B,L1_BLOCK_SHARDED,L1_BLOCK_SHARDED
10624,32,BFLOAT8_B,L1_BLOCK_SHARDED,L1_BLOCK_SHARDED
5654,16,BFLOAT8_B,L1_BLOCK_SHARDED,L1_BLOCK_SHARDED
81114,256,BFLOAT8_B,L1_BLOCK_SHARDED,L1_BLOCK_SHARDED
40842,128,BFLOAT8_B,L1_BLOCK_SHARDED,L1_BLOCK_SHARDED
81149,256,BFLOAT8_B,L1_BLOCK_SHARDED,L1_BLOCK_SHARDED
20708,64,BFLOAT8_B,L1_BLOCK_SHARDED,L1_BLOCK_SHARDED
10687,32,BFLOAT8_B,L1_BLOCK_SHARDED,L1_BLOCK_SHARDED
40837,128,BFLOAT8_B,L1_BLOCK_SHARDED,L1_BLOCK_SHARDED
10631,32,BFLOAT8_B,L1_BLOCK_SHARDED,L1_BLOCK_SHARDED
5655,16,BFLOAT8_B,L1_BLOCK_SHARDED,L1_BLOCK_SHARDED
81120,256,BFLOAT8_B,L1_BLOCK_SHARDED,L1_BLOCK_SHARDED
40853,128,BFLOAT8_B,L1_BLOCK_SHARDED,L1_BLOCK_SHARDED
81141,256,BFLOAT8_B,L1_BLOCK_SHARDED,L1_BLOCK_SHARDED
20711,64,BFLOAT8_B,L1_BLOCK_SHARDED,L1_BLOCK_SHARDED
10686,32,BFLOAT8_B,L1_BLOCK_SHARDED,L1_BLOCK_SHARDED
40819,128,BFLOAT8_B,L1_BLOCK_SHARDED,L1_BLOCK_SHARDED
10643,32,BFLOAT8_B,L1_BLOCK_SHARDED,L1_BLOCK_SHARDED
5666,16,BFLOAT8_B,L1_BLOCK_SHARDED,L1_BLOCK_SHARDED
81114,256,BFLOAT8_B,L1_BLOCK_SHARDED,L1_BLOCK_SHARDED
40849,128,BFLOAT8_B,L1_BLOCK_SHARDED,L1_BLOCK_SHARDED
81151,256,BFLOAT8_B,L1_BLOCK_SHARDED,L1_BLOCK_SHARDED
20715,64,BFLOAT8_B,L1_BLOCK_SHARDED,L1_BLOCK_SHARDED
10677,32,BFLOAT8_B,L1_BLOCK_SHARDED,L1_BLOCK_SHARDED
40847,128,BFLOAT8_B,L1_BLOCK_SHARDED,L1_BLOCK_SHARDED
10632,32,BFLOAT8_B,L1_BLOCK_SHARDED,L1_BLOCK_SHARDED
5645,16,BFLOAT8_B,L1_BLOCK_SHARDED,L1_BLOCK_SHARDED
81115,256,BFLOAT8_B,L1_BLOCK_SHARDED,L1_BLOCK_SHARDED
40855,128,BFLOAT8_B,L1_BLOCK_SHARDED,L1_BLOCK_SHARDED
81157,256,BFLOAT8_B,L1_BLOCK_SHARDED,L1_BLOCK_SHARDED
20709,64,BFLOAT8_B,L1_BLOCK_SHARDED,L1_BLOCK_SHARDED
10692,32,BFLOAT8_B,L1_BLOCK_SHARDED,L1_BLOCK_SHARDED
40824,128,BFLOAT8_B,L1_BLOCK_SHARDED,L1_BLOCK_SHARDED
10640,32,BFLOAT8_B,L1_BLOCK_SHARDED,L1_BLOCK_SHARDED
5632,16,BFLOAT8_B,L1_BLOCK_SHARDED,L1_BLOCK_SHARDED
81107,256,BFLOAT8_B,L1_BLOCK_SHARDED,L1_BLOCK_SHARDED
40851,128,BFLOAT8_B,L1_BLOCK_SHARDED,L1_BLOCK_SHARDED
81163,256,BFLOAT8_B,L1_BLOCK_SHARDED,L1_BLOCK_SHARDED
20722,64,BFLOAT8_B,L1_BLOCK_SHARDED,L1_BLOCK_SHARDED
10699,32,BFLOAT8_B,L1_BLOCK_SHARDED,L1_BLOCK_SHARDED
40836,128,BFLOAT8_B,L1_BLOCK_SHARDED,L1_BLOCK_SHARDED
10641,32,BFLOAT8_B,L1_BLOCK_SHARDED,L1_BLOCK_SHARDED
5649,16,BFLOAT8_B,L1_BLOCK_SHARDED,L1_BLOCK_SHARDED
81105,256,BFLOAT8_B,L1_BLOCK_SHARDED,L1_BLOCK_SHARDED
40838,128,BFLOAT8_B,L1_BLOCK_SHARDED,L1_BLOCK_SHARDED
81159,256,BFLOAT8_B,L1_BLOCK_SHARDED,L1_BLOCK_SHARDED
20723,64,BFLOAT8_B,L1_BLOCK_SHARDED,L1_BLOCK_SHARDED
10683,32,BFLOAT8_B,L1_BLOCK_SHARDED,L1_BLOCK_SHARDED
40828,128,BFLOAT8_B,L1_BLOCK_SHARDED,L1_BLOCK_SHARDED
10626,32,BFLOAT8_B,L1_BLOCK_SHARDED,L1_BLOCK_SHARDED
5644,16,BFLOAT8_B,L1_BLOCK_SHARDED,L1_BLOCK_SHARDED
161801,512,BFLOAT8_B,L1_BLOCK_SHARDED,L1_BLOCK_SHARDED
81272,256,BFLOAT8_B,L1_BLOCK_SHARDED,L1_BLOCK_SHARDED
40955,128,BFLOAT8_B,L1_BLOCK_SHARDED,L1_BLOCK_SHARDED
161886,512,BFLOAT8_B,L1_BLOCK_SHARDED,L1_BLOCK_SHARDED
40946,128,BFLOAT8_B,L1_BLOCK_SHARDED,L1_BLOCK_SHARDED
20796,64,BFLOAT8_B,L1_BLOCK_SHARDED,L1_BLOCK_SHARDED
161811,512,BFLOAT8_B,L1_BLOCK_SHARDED,L1_BLOCK_SHARDED
81182,256,BFLOAT8_B,L1_BLOCK_SHARDED,L1_BLOCK_SHARDED
40930,128,BFLOAT8_B,L1_BLOCK_SHARDED,L1_BLOCK_SHARDED
161788,512,BFLOAT8_B,L1_BLOCK_SHARDED,L1_BLOCK_SHARDED
40881,128,BFLOAT8_B,L1_BLOCK_SHARDED,L1_BLOCK_SHARDED
20768,64,BFLOAT8_B,L1_BLOCK_SHARDED,L1_BLOCK_SHARDED
161809,512,BFLOAT8_B,L1_BLOCK_SHARDED,L1_BLOCK_SHARDED
81199,256,BFLOAT8_B,L1_BLOCK_SHARDED,L1_BLOCK_SHARDED
40931,128,BFLOAT8_B,L1_BLOCK_SHARDED,L1_BLOCK_SHARDED
161793,512,BFLOAT8_B,L1_BLOCK_SHARDED,L1_BLOCK_SHARDED
40874,128,BFLOAT8_B,L1_BLOCK_SHARDED,L1_BLOCK_SHARDED
20760,64,BFLOAT8_B,L1_BLOCK_SHARDED,L1_BLOCK_SHARDED
161810,512,BFLOAT8_B,L1_BLOCK_SHARDED,L1_BLOCK_SHARDED
81202,256,BFLOAT8_B,L1_BLOCK_SHARDED,L1_BLOCK_SHARDED
40923,128,BFLOAT8_B,L1_BLOCK_SHARDED,L1_BLOCK_SHARDED
161795,512,BFLOAT8_B,L1_BLOCK_SHARDED,L1_BLOCK_SHARDED
40870,128,BFLOAT8_B,L1_BLOCK_SHARDED,L1_BLOCK_SHARDED
20769,64,BFLOAT8_B,L1_BLOCK_SHARDED,L1_BLOCK_SHARDED
161817,512,BFLOAT8_B,L1_BLOCK_SHARDED,L1_BLOCK_SHARDED
81192,256,BFLOAT8_B,L1_BLOCK_SHARDED,L1_BLOCK_SHARDED
40952,128,BFLOAT8_B,L1_BLOCK_SHARDED,L1_BLOCK_SHARDED
161790,512,BFLOAT8_B,L1_BLOCK_SHARDED,L1_BLOCK_SHARDED
40876,128,BFLOAT8_B,L1_BLOCK_SHARDED,L1_BLOCK_SHARDED
20758,64,BFLOAT8_B,L1_BLOCK_SHARDED,L1_BLOCK_SHARDED
161815,512,BFLOAT8_B,L1_BLOCK_SHARDED,L1_BLOCK_SHARDED
81182,256,BFLOAT8_B,L1_BLOCK_SHARDED,L1_BLOCK_SHARDED
40933,128,BFLOAT8_B,L1_BLOCK_SHARDED,L1_BLOCK_SHARDED
161785,512,BFLOAT8_B,L1_BLOCK_SHARDED,L1_BLOCK_SHARDED
40866,128,BFLOAT8_B,L1_BLOCK_SHARDED,L1_BLOCK_SHARDED
20754,64,BFLOAT8_B,L1_BLOCK_SHARDED,L1_BLOCK_SHARDED
161809,512,BFLOAT8_B,L1_BLOCK_SHARDED,L1_BLOCK_SHARDED
81192,256,BFLOAT8_B,L1_BLOCK_SHARDED,L1_BLOCK_SHARDED
40923,128,BFLOAT8_B,L1_BLOCK_SHARDED,L1_BLOCK_SHARDED
161792,512,BFLOAT8_B,L1_BLOCK_SHARDED,L1_BLOCK_SHARDED
40870,128,BFLOAT8_B,L1_BLOCK_SHARDED,L1_BLOCK_SHARDED
20777,64,BFLOAT8_B,L1_BLOCK_SHARDED,L1_BLOCK_SHARDED
161810,512,BFLOAT8_B,L1_BLOCK_SHARDED,L1_BLOCK_SHARDED
81195,256,BFLOAT8_B,L1_BLOCK_SHARDED,L1_BLOCK_SHARDED
40931,128,BFLOAT8_B,L1_BLOCK_SHARDED,L1_BLOCK_SHARDED
161795,512,BFLOAT8_B,L1_BLOCK_SHARDED,L1_BLOCK_SHARDED
40876,128,BFLOAT8_B,L1_BLOCK_SHARDED,L1_BLOCK_SHARDED
20754,64,BFLOAT8_B,L1_BLOCK_SHARDED,L1_BLOCK_SHARDED
161809,512,BFLOAT8_B,L1_BLOCK_SHARDED,L1_BLOCK_SHARDED
81204,256,BFLOAT8_B,L1_BLOCK_SHARDED,L1_BLOCK_SHARDED
40925,128,BFLOAT8_B,L1_BLOCK_SHARDED,L1_BLOCK_SHARDED
161794,512,BFLOAT8_B,L1_BLOCK_SHARDED,L1_BLOCK_SHARDED
40883,128,BFLOAT8_B,L1_BLOCK_SHARDED,L1_BLOCK_SHARDED
20763,64,BFLOAT8_B,L1_BLOCK_SHARDED,L1_BLOCK_SHARDED
161808,512,BFLOAT8_B,L1_BLOCK_SHARDED,L1_BLOCK_SHARDED
81198,256,BFLOAT8_B,L1_BLOCK_SHARDED,L1_BLOCK_SHARDED
40916,128,BFLOAT8_B,L1_BLOCK_SHARDED,L1_BLOCK_SHARDED
161795,512,BFLOAT8_B,L1_BLOCK_SHARDED,L1_BLOCK_SHARDED
40878,128,BFLOAT8_B,L1_BLOCK_SHARDED,L1_BLOCK_SHARDED
20771,64,BFLOAT8_B,L1_BLOCK_SHARDED,L1_BLOCK_SHARDED
